[     548ms] [WARNING] <link rel=preload> uses an unsupported `as` value @ http://localhost:3000/sanatani:0
[     548ms] [WARNING] <link rel=preload> uses an unsupported `as` value @ http://localhost:3000/sanatani:0
[     548ms] [WARNING] <link rel=preload> uses an unsupported `as` value @ http://localhost:3000/sanatani:0
[     548ms] [WARNING] <link rel=preload> uses an unsupported `as` value @ http://localhost:3000/sanatani:0
[   16761ms] [INFO] %cDownload the React DevTools for a better development experience: https://react.dev/link/react-devtools font-weight:bold @ webpack-internal:///(app-pages-browser)/./node_modules/next/dist/next-devtools/shared/forward-logs-shared.js:27
[   18347ms] [LOG] [HMR] connected @ webpack-internal:///(app-pages-browser)/./node_modules/next/dist/next-devtools/shared/forward-logs-shared.js:27
[   19042ms] Error: Internal Next.js error: Router action dispatched before initialization.
    at dispatchAppRouterAction (webpack-internal:///(app-pages-browser)/./node_modules/next/dist/client/components/use-action-queue.js:50:37)
    at eval (webpack-internal:///(app-pages-browser)/./node_modules/next/dist/client/components/app-router-instance.js:329:61)
    at startTransition (webpack-internal:///(app-pages-browser)/./node_modules/next/dist/compiled/react/cjs/react.development.js:556:27)
    at Object.hmrRefresh (webpack-internal:///(app-pages-browser)/./node_modules/next/dist/client/components/app-router-instance.js:328:40)
    at eval (webpack-internal:///(app-pages-browser)/./node_modules/next/dist/client/dev/hot-reloader/app/hot-reloader-app.js:300:64)
    at startTransition (webpack-internal:///(app-pages-browser)/./node_modules/next/dist/compiled/react/cjs/react.development.js:556:27)
    at processMessage (webpack-internal:///(app-pages-browser)/./node_modules/next/dist/client/dev/hot-reloader/app/hot-reloader-app.js:299:44)
    at WebSocket.handleMessage (webpack-internal:///(app-pages-browser)/./node_modules/next/dist/client/dev/hot-reloader/app/web-socket.js:91:52)
[   19047ms] [LOG] [Fast Refresh] rebuilding @ webpack-internal:///(app-pages-browser)/./node_modules/next/dist/next-devtools/shared/forward-logs-shared.js:27
[   19947ms] [ERROR] Can't perform a React state update on a component that hasn't mounted yet. This indicates that you have a side-effect in your render function that asynchronously tries to update the component. Move this work to useEffect instead. @ webpack-internal:///(app-pages-browser)/./node_modules/next/dist/next-devtools/userspace/app/errors/intercept-console-error.js:57
[   20248ms] [LOG] [Fast Refresh] done in 1201ms @ webpack-internal:///(app-pages-browser)/./node_modules/next/dist/next-devtools/shared/forward-logs-shared.js:27
[   20250ms] [LOG] [Fast Refresh] rebuilding @ webpack-internal:///(app-pages-browser)/./node_modules/next/dist/next-devtools/shared/forward-logs-shared.js:27
[   20942ms] [LOG] [Fast Refresh] done in 692ms @ webpack-internal:///(app-pages-browser)/./node_modules/next/dist/next-devtools/shared/forward-logs-shared.js:27
[   20957ms] [LOG] [Fast Refresh] rebuilding @ webpack-internal:///(app-pages-browser)/./node_modules/next/dist/next-devtools/shared/forward-logs-shared.js:27
[   21964ms] [LOG] [Fast Refresh] done in 1006ms @ webpack-internal:///(app-pages-browser)/./node_modules/next/dist/next-devtools/shared/forward-logs-shared.js:27
[   21973ms] [LOG] [Fast Refresh] rebuilding @ webpack-internal:///(app-pages-browser)/./node_modules/next/dist/next-devtools/shared/forward-logs-shared.js:27
[   22862ms] [LOG] [Fast Refresh] done in 889ms @ webpack-internal:///(app-pages-browser)/./node_modules/next/dist/next-devtools/shared/forward-logs-shared.js:27
[   22863ms] [LOG] [Fast Refresh] rebuilding @ webpack-internal:///(app-pages-browser)/./node_modules/next/dist/next-devtools/shared/forward-logs-shared.js:27
[   23736ms] [LOG] [Fast Refresh] done in 873ms @ webpack-internal:///(app-pages-browser)/./node_modules/next/dist/next-devtools/shared/forward-logs-shared.js:27
[   23743ms] [LOG] [Fast Refresh] rebuilding @ webpack-internal:///(app-pages-browser)/./node_modules/next/dist/next-devtools/shared/forward-logs-shared.js:27
[   25213ms] [LOG] [Fast Refresh] done in 1471ms @ webpack-internal:///(app-pages-browser)/./node_modules/next/dist/next-devtools/shared/forward-logs-shared.js:27
[   25221ms] [LOG] [Fast Refresh] rebuilding @ webpack-internal:///(app-pages-browser)/./node_modules/next/dist/next-devtools/shared/forward-logs-shared.js:27
[   28334ms] [LOG] [Fast Refresh] done in 3114ms @ webpack-internal:///(app-pages-browser)/./node_modules/next/dist/next-devtools/shared/forward-logs-shared.js:27
[   28380ms] [LOG] [Fast Refresh] rebuilding @ webpack-internal:///(app-pages-browser)/./node_modules/next/dist/next-devtools/shared/forward-logs-shared.js:27
[   29451ms] [LOG] [Fast Refresh] done in 1071ms @ webpack-internal:///(app-pages-browser)/./node_modules/next/dist/next-devtools/shared/forward-logs-shared.js:27
[   29459ms] [LOG] [Fast Refresh] rebuilding @ webpack-internal:///(app-pages-browser)/./node_modules/next/dist/next-devtools/shared/forward-logs-shared.js:27
[   29823ms] [LOG] [Fast Refresh] done in 365ms @ webpack-internal:///(app-pages-browser)/./node_modules/next/dist/next-devtools/shared/forward-logs-shared.js:27
[   30017ms] [LOG] [Fast Refresh] rebuilding @ webpack-internal:///(app-pages-browser)/./node_modules/next/dist/next-devtools/shared/forward-logs-shared.js:27
[   30591ms] [LOG] [Fast Refresh] done in 574ms @ webpack-internal:///(app-pages-browser)/./node_modules/next/dist/next-devtools/shared/forward-logs-shared.js:27
[   30768ms] [LOG] [Fast Refresh] rebuilding @ webpack-internal:///(app-pages-browser)/./node_modules/next/dist/next-devtools/shared/forward-logs-shared.js:27
[   31306ms] [LOG] [Fast Refresh] done in 538ms @ webpack-internal:///(app-pages-browser)/./node_modules/next/dist/next-devtools/shared/forward-logs-shared.js:27
[   31510ms] [LOG] [Fast Refresh] rebuilding @ webpack-internal:///(app-pages-browser)/./node_modules/next/dist/next-devtools/shared/forward-logs-shared.js:27
[   31940ms] [LOG] [Fast Refresh] done in 430ms @ webpack-internal:///(app-pages-browser)/./node_modules/next/dist/next-devtools/shared/forward-logs-shared.js:27
[   32187ms] [LOG] [Fast Refresh] rebuilding @ webpack-internal:///(app-pages-browser)/./node_modules/next/dist/next-devtools/shared/forward-logs-shared.js:27
[   32603ms] [LOG] [Fast Refresh] done in 416ms @ webpack-internal:///(app-pages-browser)/./node_modules/next/dist/next-devtools/shared/forward-logs-shared.js:27
[   32799ms] [LOG] [Fast Refresh] rebuilding @ webpack-internal:///(app-pages-browser)/./node_modules/next/dist/next-devtools/shared/forward-logs-shared.js:27
[   33389ms] [LOG] [Fast Refresh] done in 591ms @ webpack-internal:///(app-pages-browser)/./node_modules/next/dist/next-devtools/shared/forward-logs-shared.js:27
[   33605ms] [LOG] [Fast Refresh] rebuilding @ webpack-internal:///(app-pages-browser)/./node_modules/next/dist/next-devtools/shared/forward-logs-shared.js:27
[   34101ms] [LOG] [Fast Refresh] done in 495ms @ webpack-internal:///(app-pages-browser)/./node_modules/next/dist/next-devtools/shared/forward-logs-shared.js:27
[   34353ms] [LOG] [Fast Refresh] rebuilding @ webpack-internal:///(app-pages-browser)/./node_modules/next/dist/next-devtools/shared/forward-logs-shared.js:27
[   34604ms] [LOG] [Fast Refresh] done in 251ms @ webpack-internal:///(app-pages-browser)/./node_modules/next/dist/next-devtools/shared/forward-logs-shared.js:27
[   36188ms] [LOG] [Fast Refresh] rebuilding @ webpack-internal:///(app-pages-browser)/./node_modules/next/dist/next-devtools/shared/forward-logs-shared.js:27
[   36445ms] [LOG] [Fast Refresh] done in 258ms @ webpack-internal:///(app-pages-browser)/./node_modules/next/dist/next-devtools/shared/forward-logs-shared.js:27
[   36450ms] [LOG] [Fast Refresh] rebuilding @ webpack-internal:///(app-pages-browser)/./node_modules/next/dist/next-devtools/shared/forward-logs-shared.js:27
[   38149ms] [LOG] [Fast Refresh] done in 1699ms @ webpack-internal:///(app-pages-browser)/./node_modules/next/dist/next-devtools/shared/forward-logs-shared.js:27
[   38150ms] [LOG] [Fast Refresh] rebuilding @ webpack-internal:///(app-pages-browser)/./node_modules/next/dist/next-devtools/shared/forward-logs-shared.js:27
[   38163ms] [LOG] [Fast Refresh] done in 13ms @ webpack-internal:///(app-pages-browser)/./node_modules/next/dist/next-devtools/shared/forward-logs-shared.js:27
[   38168ms] [LOG] [Fast Refresh] rebuilding @ webpack-internal:///(app-pages-browser)/./node_modules/next/dist/next-devtools/shared/forward-logs-shared.js:27
[   39117ms] [LOG] [Fast Refresh] done in 949ms @ webpack-internal:///(app-pages-browser)/./node_modules/next/dist/next-devtools/shared/forward-logs-shared.js:27
[   39141ms] [LOG] [Fast Refresh] rebuilding @ webpack-internal:///(app-pages-browser)/./node_modules/next/dist/next-devtools/shared/forward-logs-shared.js:27
[   39662ms] [LOG] [Fast Refresh] done in 522ms @ webpack-internal:///(app-pages-browser)/./node_modules/next/dist/next-devtools/shared/forward-logs-shared.js:27
[   39663ms] [LOG] [Fast Refresh] rebuilding @ webpack-internal:///(app-pages-browser)/./node_modules/next/dist/next-devtools/shared/forward-logs-shared.js:27
[   40158ms] [LOG] [Fast Refresh] done in 494ms @ webpack-internal:///(app-pages-browser)/./node_modules/next/dist/next-devtools/shared/forward-logs-shared.js:27
[   40480ms] [LOG] [Fast Refresh] rebuilding @ webpack-internal:///(app-pages-browser)/./node_modules/next/dist/next-devtools/shared/forward-logs-shared.js:27
[   41161ms] [LOG] [Fast Refresh] done in 681ms @ webpack-internal:///(app-pages-browser)/./node_modules/next/dist/next-devtools/shared/forward-logs-shared.js:27
[   41178ms] [LOG] [Fast Refresh] rebuilding @ webpack-internal:///(app-pages-browser)/./node_modules/next/dist/next-devtools/shared/forward-logs-shared.js:27
[   41411ms] [LOG] [Fast Refresh] done in 221ms @ webpack-internal:///(app-pages-browser)/./node_modules/next/dist/next-devtools/shared/forward-logs-shared.js:27
[   41982ms] [LOG] [Fast Refresh] rebuilding @ webpack-internal:///(app-pages-browser)/./node_modules/next/dist/next-devtools/shared/forward-logs-shared.js:27
[   42443ms] [LOG] [Fast Refresh] done in 461ms @ webpack-internal:///(app-pages-browser)/./node_modules/next/dist/next-devtools/shared/forward-logs-shared.js:27
[   42471ms] [LOG] [Fast Refresh] rebuilding @ webpack-internal:///(app-pages-browser)/./node_modules/next/dist/next-devtools/shared/forward-logs-shared.js:27
[   42964ms] [LOG] [Fast Refresh] done in 493ms @ webpack-internal:///(app-pages-browser)/./node_modules/next/dist/next-devtools/shared/forward-logs-shared.js:27
[   43247ms] [LOG] [Fast Refresh] rebuilding @ webpack-internal:///(app-pages-browser)/./node_modules/next/dist/next-devtools/shared/forward-logs-shared.js:27
[   44322ms] [LOG] [Fast Refresh] done in 1075ms @ webpack-internal:///(app-pages-browser)/./node_modules/next/dist/next-devtools/shared/forward-logs-shared.js:27
[   45678ms] [LOG] [Fast Refresh] rebuilding @ webpack-internal:///(app-pages-browser)/./node_modules/next/dist/next-devtools/shared/forward-logs-shared.js:27
[   47326ms] [LOG] [Fast Refresh] done in 1652ms @ webpack-internal:///(app-pages-browser)/./node_modules/next/dist/next-devtools/shared/forward-logs-shared.js:27
[   47328ms] [LOG] [Fast Refresh] rebuilding @ webpack-internal:///(app-pages-browser)/./node_modules/next/dist/next-devtools/shared/forward-logs-shared.js:27
[   47774ms] [LOG] [Fast Refresh] done in 446ms @ webpack-internal:///(app-pages-browser)/./node_modules/next/dist/next-devtools/shared/forward-logs-shared.js:27
[   47791ms] [LOG] [Fast Refresh] rebuilding @ webpack-internal:///(app-pages-browser)/./node_modules/next/dist/next-devtools/shared/forward-logs-shared.js:27
[   47988ms] [LOG] [Fast Refresh] done in 197ms @ webpack-internal:///(app-pages-browser)/./node_modules/next/dist/next-devtools/shared/forward-logs-shared.js:27
[   48455ms] [LOG] [Fast Refresh] rebuilding @ webpack-internal:///(app-pages-browser)/./node_modules/next/dist/next-devtools/shared/forward-logs-shared.js:27
[   48871ms] [LOG] [Fast Refresh] done in 415ms @ webpack-internal:///(app-pages-browser)/./node_modules/next/dist/next-devtools/shared/forward-logs-shared.js:27
[   49125ms] [LOG] [Fast Refresh] rebuilding @ webpack-internal:///(app-pages-browser)/./node_modules/next/dist/next-devtools/shared/forward-logs-shared.js:27
[   49366ms] [LOG] [Fast Refresh] done in 241ms @ webpack-internal:///(app-pages-browser)/./node_modules/next/dist/next-devtools/shared/forward-logs-shared.js:27
[   49819ms] [LOG] [Fast Refresh] rebuilding @ webpack-internal:///(app-pages-browser)/./node_modules/next/dist/next-devtools/shared/forward-logs-shared.js:27
[   50518ms] [LOG] [Fast Refresh] done in 700ms @ webpack-internal:///(app-pages-browser)/./node_modules/next/dist/next-devtools/shared/forward-logs-shared.js:27
[   50538ms] [LOG] [Fast Refresh] rebuilding @ webpack-internal:///(app-pages-browser)/./node_modules/next/dist/next-devtools/shared/forward-logs-shared.js:27
[   51503ms] [LOG] [Fast Refresh] done in 964ms @ webpack-internal:///(app-pages-browser)/./node_modules/next/dist/next-devtools/shared/forward-logs-shared.js:27
[   51671ms] [LOG] [Fast Refresh] rebuilding @ webpack-internal:///(app-pages-browser)/./node_modules/next/dist/next-devtools/shared/forward-logs-shared.js:27
[   52263ms] [LOG] [Fast Refresh] done in 591ms @ webpack-internal:///(app-pages-browser)/./node_modules/next/dist/next-devtools/shared/forward-logs-shared.js:27
[   52753ms] [LOG] [Fast Refresh] rebuilding @ webpack-internal:///(app-pages-browser)/./node_modules/next/dist/next-devtools/shared/forward-logs-shared.js:27
[   53184ms] [LOG] [Fast Refresh] done in 550ms @ webpack-internal:///(app-pages-browser)/./node_modules/next/dist/next-devtools/shared/forward-logs-shared.js:27
[   54386ms] [LOG] [Fast Refresh] rebuilding @ webpack-internal:///(app-pages-browser)/./node_modules/next/dist/next-devtools/shared/forward-logs-shared.js:27
[   54938ms] [LOG] [Fast Refresh] done in 552ms @ webpack-internal:///(app-pages-browser)/./node_modules/next/dist/next-devtools/shared/forward-logs-shared.js:27
[   55018ms] [LOG] [Fast Refresh] rebuilding @ webpack-internal:///(app-pages-browser)/./node_modules/next/dist/next-devtools/shared/forward-logs-shared.js:27
[   55244ms] [LOG] [Fast Refresh] done in 227ms @ webpack-internal:///(app-pages-browser)/./node_modules/next/dist/next-devtools/shared/forward-logs-shared.js:27
[   55742ms] [LOG] [Fast Refresh] rebuilding @ webpack-internal:///(app-pages-browser)/./node_modules/next/dist/next-devtools/shared/forward-logs-shared.js:27
[   56607ms] [LOG] [Fast Refresh] done in 865ms @ webpack-internal:///(app-pages-browser)/./node_modules/next/dist/next-devtools/shared/forward-logs-shared.js:27
[   56758ms] [LOG] [Fast Refresh] rebuilding @ webpack-internal:///(app-pages-browser)/./node_modules/next/dist/next-devtools/shared/forward-logs-shared.js:27
[   57199ms] [LOG] [Fast Refresh] done in 441ms @ webpack-internal:///(app-pages-browser)/./node_modules/next/dist/next-devtools/shared/forward-logs-shared.js:27
[   57334ms] [LOG] [Fast Refresh] rebuilding @ webpack-internal:///(app-pages-browser)/./node_modules/next/dist/next-devtools/shared/forward-logs-shared.js:27
[   57776ms] [LOG] [Fast Refresh] done in 441ms @ webpack-internal:///(app-pages-browser)/./node_modules/next/dist/next-devtools/shared/forward-logs-shared.js:27
[   57907ms] [LOG] [Fast Refresh] rebuilding @ webpack-internal:///(app-pages-browser)/./node_modules/next/dist/next-devtools/shared/forward-logs-shared.js:27
[   58163ms] [LOG] [Fast Refresh] done in 256ms @ webpack-internal:///(app-pages-browser)/./node_modules/next/dist/next-devtools/shared/forward-logs-shared.js:27
[   59024ms] [LOG] [Fast Refresh] rebuilding @ webpack-internal:///(app-pages-browser)/./node_modules/next/dist/next-devtools/shared/forward-logs-shared.js:27
[   59773ms] [LOG] [Fast Refresh] done in 749ms @ webpack-internal:///(app-pages-browser)/./node_modules/next/dist/next-devtools/shared/forward-logs-shared.js:27
[   60197ms] [LOG] [Fast Refresh] rebuilding @ webpack-internal:///(app-pages-browser)/./node_modules/next/dist/next-devtools/shared/forward-logs-shared.js:27
[   60980ms] [LOG] [Fast Refresh] done in 782ms @ webpack-internal:///(app-pages-browser)/./node_modules/next/dist/next-devtools/shared/forward-logs-shared.js:27
[   61407ms] [LOG] [Fast Refresh] rebuilding @ webpack-internal:///(app-pages-browser)/./node_modules/next/dist/next-devtools/shared/forward-logs-shared.js:27
[   62082ms] [LOG] [Fast Refresh] done in 675ms @ webpack-internal:///(app-pages-browser)/./node_modules/next/dist/next-devtools/shared/forward-logs-shared.js:27
[   62238ms] [LOG] [Fast Refresh] rebuilding @ webpack-internal:///(app-pages-browser)/./node_modules/next/dist/next-devtools/shared/forward-logs-shared.js:27
[   62810ms] [LOG] [Fast Refresh] done in 573ms @ webpack-internal:///(app-pages-browser)/./node_modules/next/dist/next-devtools/shared/forward-logs-shared.js:27
[   63145ms] [LOG] [Fast Refresh] rebuilding @ webpack-internal:///(app-pages-browser)/./node_modules/next/dist/next-devtools/shared/forward-logs-shared.js:27
[   63369ms] [LOG] [Fast Refresh] done in 225ms @ webpack-internal:///(app-pages-browser)/./node_modules/next/dist/next-devtools/shared/forward-logs-shared.js:27
[   64104ms] [LOG] [Fast Refresh] rebuilding @ webpack-internal:///(app-pages-browser)/./node_modules/next/dist/next-devtools/shared/forward-logs-shared.js:27
[   65458ms] [LOG] [Fast Refresh] done in 1354ms @ webpack-internal:///(app-pages-browser)/./node_modules/next/dist/next-devtools/shared/forward-logs-shared.js:27
[   65479ms] [LOG] [Fast Refresh] rebuilding @ webpack-internal:///(app-pages-browser)/./node_modules/next/dist/next-devtools/shared/forward-logs-shared.js:27
[   66056ms] [LOG] [Fast Refresh] done in 578ms @ webpack-internal:///(app-pages-browser)/./node_modules/next/dist/next-devtools/shared/forward-logs-shared.js:27
[   66248ms] [LOG] [Fast Refresh] rebuilding @ webpack-internal:///(app-pages-browser)/./node_modules/next/dist/next-devtools/shared/forward-logs-shared.js:27
[   66602ms] [LOG] [Fast Refresh] done in 353ms @ webpack-internal:///(app-pages-browser)/./node_modules/next/dist/next-devtools/shared/forward-logs-shared.js:27
[   67801ms] [LOG] [Fast Refresh] rebuilding @ webpack-internal:///(app-pages-browser)/./node_modules/next/dist/next-devtools/shared/forward-logs-shared.js:27
[   68608ms] [LOG] [Fast Refresh] done in 807ms @ webpack-internal:///(app-pages-browser)/./node_modules/next/dist/next-devtools/shared/forward-logs-shared.js:27
[   70272ms] [LOG] [Fast Refresh] rebuilding @ webpack-internal:///(app-pages-browser)/./node_modules/next/dist/next-devtools/shared/forward-logs-shared.js:27
[   70970ms] [LOG] [Fast Refresh] done in 699ms @ webpack-internal:///(app-pages-browser)/./node_modules/next/dist/next-devtools/shared/forward-logs-shared.js:27
[   72404ms] [LOG] [Fast Refresh] rebuilding @ webpack-internal:///(app-pages-browser)/./node_modules/next/dist/next-devtools/shared/forward-logs-shared.js:27
[   75036ms] [LOG] [Fast Refresh] done in 2632ms @ webpack-internal:///(app-pages-browser)/./node_modules/next/dist/next-devtools/shared/forward-logs-shared.js:27
[   78045ms] [WARNING] The resource http://localhost:3000/_next/static/css/app/layout.css?v=1784974117261 was preloaded using link preload but not used within a few seconds from the window's load event. Please make sure it has an appropriate `as` value and it is preloaded intentionally. @ http://localhost:3000/sanatani:0
[   78045ms] [WARNING] The resource http://localhost:3000/_next/static/css/app/layout.css?v=1784974091813 was preloaded using link preload but not used within a few seconds from the window's load event. Please make sure it has an appropriate `as` value and it is preloaded intentionally. @ http://localhost:3000/sanatani:0
[   78045ms] [WARNING] The resource http://localhost:3000/_next/static/css/app/layout.css?v=1784974092438 was preloaded using link preload but not used within a few seconds from the window's load event. Please make sure it has an appropriate `as` value and it is preloaded intentionally. @ http://localhost:3000/sanatani:0
[   78045ms] [WARNING] The resource http://localhost:3000/_next/static/css/app/layout.css?v=1784974109831 was preloaded using link preload but not used within a few seconds from the window's load event. Please make sure it has an appropriate `as` value and it is preloaded intentionally. @ http://localhost:3000/sanatani:0
[   78045ms] [WARNING] The resource http://localhost:3000/_next/static/css/app/layout.css?v=1784974133048 was preloaded using link preload but not used within a few seconds from the window's load event. Please make sure it has an appropriate `as` value and it is preloaded intentionally. @ http://localhost:3000/sanatani:0
[   78045ms] [WARNING] The resource http://localhost:3000/_next/static/css/app/layout.css?v=1784974094410 was preloaded using link preload but not used within a few seconds from the window's load event. Please make sure it has an appropriate `as` value and it is preloaded intentionally. @ http://localhost:3000/sanatani:0
[   78045ms] [WARNING] The resource http://localhost:3000/_next/static/css/app/layout.css?v=1784974111947 was preloaded using link preload but not used within a few seconds from the window's load event. Please make sure it has an appropriate `as` value and it is preloaded intentionally. @ http://localhost:3000/sanatani:0
[   78045ms] [WARNING] The resource http://localhost:3000/_next/static/css/app/layout.css?v=1784974121274 was preloaded using link preload but not used within a few seconds from the window's load event. Please make sure it has an appropriate `as` value and it is preloaded intentionally. @ http://localhost:3000/sanatani:0
[   78045ms] [WARNING] The resource http://localhost:3000/_next/static/css/app/layout.css?v=1784974113663 was preloaded using link preload but not used within a few seconds from the window's load event. Please make sure it has an appropriate `as` value and it is preloaded intentionally. @ http://localhost:3000/sanatani:0
[   78045ms] [WARNING] The resource http://localhost:3000/_next/static/css/app/layout.css?v=1784974101521 was preloaded using link preload but not used within a few seconds from the window's load event. Please make sure it has an appropriate `as` value and it is preloaded intentionally. @ http://localhost:3000/sanatani:0
[   78045ms] [WARNING] The resource http://localhost:3000/_next/static/css/app/layout.css?v=1784974136100 was preloaded using link preload but not used within a few seconds from the window's load event. Please make sure it has an appropriate `as` value and it is preloaded intentionally. @ http://localhost:3000/sanatani:0
[   78045ms] [WARNING] The resource http://localhost:3000/_next/static/css/app/layout.css?v=1784974107953 was preloaded using link preload but not used within a few seconds from the window's load event. Please make sure it has an appropriate `as` value and it is preloaded intentionally. @ http://localhost:3000/sanatani:0
[   78045ms] [WARNING] The resource http://localhost:3000/_next/static/css/app/layout.css?v=1784974102967 was preloaded using link preload but not used within a few seconds from the window's load event. Please make sure it has an appropriate `as` value and it is preloaded intentionally. @ http://localhost:3000/sanatani:0
[   78045ms] [WARNING] The resource http://localhost:3000/_next/static/css/app/layout.css?v=1784974095325 was preloaded using link preload but not used within a few seconds from the window's load event. Please make sure it has an appropriate `as` value and it is preloaded intentionally. @ http://localhost:3000/sanatani:0
[   78045ms] [WARNING] The resource http://localhost:3000/_next/static/css/app/layout.css?v=1784974124233 was preloaded using link preload but not used within a few seconds from the window's load event. Please make sure it has an appropriate `as` value and it is preloaded intentionally. @ http://localhost:3000/sanatani:0
[   78045ms] [WARNING] The resource http://localhost:3000/_next/static/css/app/layout.css?v=1784974111115 was preloaded using link preload but not used within a few seconds from the window's load event. Please make sure it has an appropriate `as` value and it is preloaded intentionally. @ http://localhost:3000/sanatani:0
[   78045ms] [WARNING] The resource http://localhost:3000/_next/static/css/app/layout.css?v=1784974103663 was preloaded using link preload but not used within a few seconds from the window's load event. Please make sure it has an appropriate `as` value and it is preloaded intentionally. @ http://localhost:3000/sanatani:0
[   78045ms] [WARNING] The resource http://localhost:3000/_next/static/css/app/layout.css?v=1784974107643 was preloaded using link preload but not used within a few seconds from the window's load event. Please make sure it has an appropriate `as` value and it is preloaded intentionally. @ http://localhost:3000/sanatani:0
[   78045ms] [WARNING] The resource http://localhost:3000/_next/static/css/app/layout.css?v=1784974109631 was preloaded using link preload but not used within a few seconds from the window's load event. Please make sure it has an appropriate `as` value and it is preloaded intentionally. @ http://localhost:3000/sanatani:0
[   78045ms] [WARNING] The resource http://localhost:3000/_next/static/css/app/layout.css?v=1784974130424 was preloaded using link preload but not used within a few seconds from the window's load event. Please make sure it has an appropriate `as` value and it is preloaded intentionally. @ http://localhost:3000/sanatani:0
[   78045ms] [WARNING] The resource http://localhost:3000/_next/static/css/app/layout.css?v=1784974096835 was preloaded using link preload but not used within a few seconds from the window's load event. Please make sure it has an appropriate `as` value and it is preloaded intentionally. @ http://localhost:3000/sanatani:0
[   78045ms] [WARNING] The resource http://localhost:3000/_next/static/css/app/layout.css?v=1784974102282 was preloaded using link preload but not used within a few seconds from the window's load event. Please make sure it has an appropriate `as` value and it is preloaded intentionally. @ http://localhost:3000/sanatani:0
[   78045ms] [WARNING] The resource http://localhost:3000/_next/static/css/app/layout.css?v=1784974125984 was preloaded using link preload but not used within a few seconds from the window's load event. Please make sure it has an appropriate `as` value and it is preloaded intentionally. @ http://localhost:3000/sanatani:0
[   78045ms] [WARNING] The resource http://localhost:3000/_next/static/css/app/layout.css?v=1784974141872 was preloaded using link preload but not used within a few seconds from the window's load event. Please make sure it has an appropriate `as` value and it is preloaded intentionally. @ http://localhost:3000/sanatani:0
[   78046ms] [WARNING] The resource http://localhost:3000/_next/static/css/app/layout.css?v=1784974100909 was preloaded using link preload but not used within a few seconds from the window's load event. Please make sure it has an appropriate `as` value and it is preloaded intentionally. @ http://localhost:3000/sanatani:0
[   78046ms] [WARNING] The resource http://localhost:3000/_next/static/css/app/layout.css?v=1784974099919 was preloaded using link preload but not used within a few seconds from the window's load event. Please make sure it has an appropriate `as` value and it is preloaded intentionally. @ http://localhost:3000/sanatani:0
[   78046ms] [WARNING] The resource http://localhost:3000/_next/static/css/app/layout.css?v=1784974136965 was preloaded using link preload but not used within a few seconds from the window's load event. Please make sure it has an appropriate `as` value and it is preloaded intentionally. @ http://localhost:3000/sanatani:0
[   78046ms] [WARNING] The resource http://localhost:3000/_next/static/css/app/layout.css?v=1784974118951 was preloaded using link preload but not used within a few seconds from the window's load event. Please make sure it has an appropriate `as` value and it is preloaded intentionally. @ http://localhost:3000/sanatani:0
[   78046ms] [WARNING] The resource http://localhost:3000/_next/static/css/app/layout.css?v=1784974110582 was preloaded using link preload but not used within a few seconds from the window's load event. Please make sure it has an appropriate `as` value and it is preloaded intentionally. @ http://localhost:3000/sanatani:0
[   78046ms] [WARNING] The resource http://localhost:3000/_next/static/css/app/layout.css?v=1784974093522 was preloaded using link preload but not used within a few seconds from the window's load event. Please make sure it has an appropriate `as` value and it is preloaded intentionally. @ http://localhost:3000/sanatani:0
[   87241ms] [LOG] [Fast Refresh] done in 14837ms @ webpack-internal:///(app-pages-browser)/./node_modules/next/dist/next-devtools/shared/forward-logs-shared.js:27
[   87256ms] [LOG] [Fast Refresh] rebuilding @ webpack-internal:///(app-pages-browser)/./node_modules/next/dist/next-devtools/shared/forward-logs-shared.js:27
[   90199ms] [LOG] [Fast Refresh] rebuilding @ webpack-internal:///(app-pages-browser)/./node_modules/next/dist/next-devtools/shared/forward-logs-shared.js:27
[   90253ms] [WARNING] The resource http://localhost:3000/_next/static/css/app/layout.css?v=1784974117261 was preloaded using link preload but not used within a few seconds from the window's load event. Please make sure it has an appropriate `as` value and it is preloaded intentionally. @ http://localhost:3000/sanatani:0
[   90253ms] [WARNING] The resource http://localhost:3000/_next/static/css/app/layout.css?v=1784974091813 was preloaded using link preload but not used within a few seconds from the window's load event. Please make sure it has an appropriate `as` value and it is preloaded intentionally. @ http://localhost:3000/sanatani:0
[   90253ms] [WARNING] The resource http://localhost:3000/_next/static/css/app/layout.css?v=1784974092438 was preloaded using link preload but not used within a few seconds from the window's load event. Please make sure it has an appropriate `as` value and it is preloaded intentionally. @ http://localhost:3000/sanatani:0
[   90253ms] [WARNING] The resource http://localhost:3000/_next/static/css/app/layout.css?v=1784974109831 was preloaded using link preload but not used within a few seconds from the window's load event. Please make sure it has an appropriate `as` value and it is preloaded intentionally. @ http://localhost:3000/sanatani:0
[   90253ms] [WARNING] The resource http://localhost:3000/_next/static/css/app/layout.css?v=1784974133048 was preloaded using link preload but not used within a few seconds from the window's load event. Please make sure it has an appropriate `as` value and it is preloaded intentionally. @ http://localhost:3000/sanatani:0
[   90253ms] [WARNING] The resource http://localhost:3000/_next/static/css/app/layout.css?v=1784974094410 was preloaded using link preload but not used within a few seconds from the window's load event. Please make sure it has an appropriate `as` value and it is preloaded intentionally. @ http://localhost:3000/sanatani:0
[   90253ms] [WARNING] The resource http://localhost:3000/_next/static/css/app/layout.css?v=1784974111947 was preloaded using link preload but not used within a few seconds from the window's load event. Please make sure it has an appropriate `as` value and it is preloaded intentionally. @ http://localhost:3000/sanatani:0
[   90253ms] [WARNING] The resource http://localhost:3000/_next/static/css/app/layout.css?v=1784974121274 was preloaded using link preload but not used within a few seconds from the window's load event. Please make sure it has an appropriate `as` value and it is preloaded intentionally. @ http://localhost:3000/sanatani:0
[   90253ms] [WARNING] The resource http://localhost:3000/_next/static/css/app/layout.css?v=1784974113663 was preloaded using link preload but not used within a few seconds from the window's load event. Please make sure it has an appropriate `as` value and it is preloaded intentionally. @ http://localhost:3000/sanatani:0
[   90253ms] [WARNING] The resource http://localhost:3000/_next/static/css/app/layout.css?v=1784974101521 was preloaded using link preload but not used within a few seconds from the window's load event. Please make sure it has an appropriate `as` value and it is preloaded intentionally. @ http://localhost:3000/sanatani:0
[   90253ms] [WARNING] The resource http://localhost:3000/_next/static/css/app/layout.css?v=1784974136100 was preloaded using link preload but not used within a few seconds from the window's load event. Please make sure it has an appropriate `as` value and it is preloaded intentionally. @ http://localhost:3000/sanatani:0
[   90253ms] [WARNING] The resource http://localhost:3000/_next/static/css/app/layout.css?v=1784974107953 was preloaded using link preload but not used within a few seconds from the window's load event. Please make sure it has an appropriate `as` value and it is preloaded intentionally. @ http://localhost:3000/sanatani:0
[   90253ms] [WARNING] The resource http://localhost:3000/_next/static/css/app/layout.css?v=1784974102967 was preloaded using link preload but not used within a few seconds from the window's load event. Please make sure it has an appropriate `as` value and it is preloaded intentionally. @ http://localhost:3000/sanatani:0
[   90253ms] [WARNING] The resource http://localhost:3000/_next/static/css/app/layout.css?v=1784974095325 was preloaded using link preload but not used within a few seconds from the window's load event. Please make sure it has an appropriate `as` value and it is preloaded intentionally. @ http://localhost:3000/sanatani:0
[   90253ms] [WARNING] The resource http://localhost:3000/_next/static/css/app/layout.css?v=1784974124233 was preloaded using link preload but not used within a few seconds from the window's load event. Please make sure it has an appropriate `as` value and it is preloaded intentionally. @ http://localhost:3000/sanatani:0
[   90253ms] [WARNING] The resource http://localhost:3000/_next/static/css/app/layout.css?v=1784974111115 was preloaded using link preload but not used within a few seconds from the window's load event. Please make sure it has an appropriate `as` value and it is preloaded intentionally. @ http://localhost:3000/sanatani:0
[   90253ms] [WARNING] The resource http://localhost:3000/_next/static/css/app/layout.css?v=1784974103663 was preloaded using link preload but not used within a few seconds from the window's load event. Please make sure it has an appropriate `as` value and it is preloaded intentionally. @ http://localhost:3000/sanatani:0
[   90253ms] [WARNING] The resource http://localhost:3000/_next/static/css/app/layout.css?v=1784974107643 was preloaded using link preload but not used within a few seconds from the window's load event. Please make sure it has an appropriate `as` value and it is preloaded intentionally. @ http://localhost:3000/sanatani:0
[   90254ms] [WARNING] The resource http://localhost:3000/_next/static/css/app/layout.css?v=1784974109631 was preloaded using link preload but not used within a few seconds from the window's load event. Please make sure it has an appropriate `as` value and it is preloaded intentionally. @ http://localhost:3000/sanatani:0
[   90254ms] [WARNING] The resource http://localhost:3000/_next/static/css/app/layout.css?v=1784974130424 was preloaded using link preload but not used within a few seconds from the window's load event. Please make sure it has an appropriate `as` value and it is preloaded intentionally. @ http://localhost:3000/sanatani:0
[   90254ms] [WARNING] The resource http://localhost:3000/_next/static/css/app/layout.css?v=1784974096835 was preloaded using link preload but not used within a few seconds from the window's load event. Please make sure it has an appropriate `as` value and it is preloaded intentionally. @ http://localhost:3000/sanatani:0
[   90254ms] [WARNING] The resource http://localhost:3000/_next/static/css/app/layout.css?v=1784974102282 was preloaded using link preload but not used within a few seconds from the window's load event. Please make sure it has an appropriate `as` value and it is preloaded intentionally. @ http://localhost:3000/sanatani:0
[   90254ms] [WARNING] The resource http://localhost:3000/_next/static/css/app/layout.css?v=1784974125984 was preloaded using link preload but not used within a few seconds from the window's load event. Please make sure it has an appropriate `as` value and it is preloaded intentionally. @ http://localhost:3000/sanatani:0
[   90254ms] [WARNING] The resource http://localhost:3000/_next/static/css/app/layout.css?v=1784974141872 was preloaded using link preload but not used within a few seconds from the window's load event. Please make sure it has an appropriate `as` value and it is preloaded intentionally. @ http://localhost:3000/sanatani:0
[   90254ms] [WARNING] The resource http://localhost:3000/_next/static/css/app/layout.css?v=1784974100909 was preloaded using link preload but not used within a few seconds from the window's load event. Please make sure it has an appropriate `as` value and it is preloaded intentionally. @ http://localhost:3000/sanatani:0
[   90254ms] [WARNING] The resource http://localhost:3000/_next/static/css/app/layout.css?v=1784974099919 was preloaded using link preload but not used within a few seconds from the window's load event. Please make sure it has an appropriate `as` value and it is preloaded intentionally. @ http://localhost:3000/sanatani:0
[   90254ms] [WARNING] The resource http://localhost:3000/_next/static/css/app/layout.css?v=1784974136965 was preloaded using link preload but not used within a few seconds from the window's load event. Please make sure it has an appropriate `as` value and it is preloaded intentionally. @ http://localhost:3000/sanatani:0
[   90254ms] [WARNING] The resource http://localhost:3000/_next/static/css/app/layout.css?v=1784974118951 was preloaded using link preload but not used within a few seconds from the window's load event. Please make sure it has an appropriate `as` value and it is preloaded intentionally. @ http://localhost:3000/sanatani:0
[   90254ms] [WARNING] The resource http://localhost:3000/_next/static/css/app/layout.css?v=1784974110582 was preloaded using link preload but not used within a few seconds from the window's load event. Please make sure it has an appropriate `as` value and it is preloaded intentionally. @ http://localhost:3000/sanatani:0
[   90254ms] [WARNING] The resource http://localhost:3000/_next/static/css/app/layout.css?v=1784974093522 was preloaded using link preload but not used within a few seconds from the window's load event. Please make sure it has an appropriate `as` value and it is preloaded intentionally. @ http://localhost:3000/sanatani:0
[   90824ms] [LOG] [Fast Refresh] done in 626ms @ webpack-internal:///(app-pages-browser)/./node_modules/next/dist/next-devtools/shared/forward-logs-shared.js:27
[   91802ms] [LOG] [Fast Refresh] rebuilding @ webpack-internal:///(app-pages-browser)/./node_modules/next/dist/next-devtools/shared/forward-logs-shared.js:27
[   92188ms] [LOG] [Fast Refresh] done in 387ms @ webpack-internal:///(app-pages-browser)/./node_modules/next/dist/next-devtools/shared/forward-logs-shared.js:27
[   93122ms] [LOG] [Fast Refresh] rebuilding @ webpack-internal:///(app-pages-browser)/./node_modules/next/dist/next-devtools/shared/forward-logs-shared.js:27
[   93348ms] [LOG] [Fast Refresh] done in 226ms @ webpack-internal:///(app-pages-browser)/./node_modules/next/dist/next-devtools/shared/forward-logs-shared.js:27
[   94582ms] [LOG] [Fast Refresh] rebuilding @ webpack-internal:///(app-pages-browser)/./node_modules/next/dist/next-devtools/shared/forward-logs-shared.js:27
[   94801ms] [LOG] [Fast Refresh] done in 218ms @ webpack-internal:///(app-pages-browser)/./node_modules/next/dist/next-devtools/shared/forward-logs-shared.js:27
[   96290ms] [LOG] [Fast Refresh] rebuilding @ webpack-internal:///(app-pages-browser)/./node_modules/next/dist/next-devtools/shared/forward-logs-shared.js:27
[   96736ms] [LOG] [Fast Refresh] done in 446ms @ webpack-internal:///(app-pages-browser)/./node_modules/next/dist/next-devtools/shared/forward-logs-shared.js:27
[   98187ms] [LOG] [Fast Refresh] rebuilding @ webpack-internal:///(app-pages-browser)/./node_modules/next/dist/next-devtools/shared/forward-logs-shared.js:27
[   98426ms] [LOG] [Fast Refresh] done in 239ms @ webpack-internal:///(app-pages-browser)/./node_modules/next/dist/next-devtools/shared/forward-logs-shared.js:27
[   99973ms] [LOG] [Fast Refresh] rebuilding @ webpack-internal:///(app-pages-browser)/./node_modules/next/dist/next-devtools/shared/forward-logs-shared.js:27
[  100911ms] [LOG] [Fast Refresh] done in 939ms @ webpack-internal:///(app-pages-browser)/./node_modules/next/dist/next-devtools/shared/forward-logs-shared.js:27
[  103064ms] [LOG] [Fast Refresh] rebuilding @ webpack-internal:///(app-pages-browser)/./node_modules/next/dist/next-devtools/shared/forward-logs-shared.js:27
[  103789ms] [LOG] [Fast Refresh] done in 726ms @ webpack-internal:///(app-pages-browser)/./node_modules/next/dist/next-devtools/shared/forward-logs-shared.js:27
[  106700ms] [LOG] [Fast Refresh] rebuilding @ webpack-internal:///(app-pages-browser)/./node_modules/next/dist/next-devtools/shared/forward-logs-shared.js:27
[  106798ms] [WARNING] The resource http://localhost:3000/_next/static/css/app/layout.css?v=1784974117261 was preloaded using link preload but not used within a few seconds from the window's load event. Please make sure it has an appropriate `as` value and it is preloaded intentionally. @ http://localhost:3000/sanatani:0
[  106798ms] [WARNING] The resource http://localhost:3000/_next/static/css/app/layout.css?v=1784974091813 was preloaded using link preload but not used within a few seconds from the window's load event. Please make sure it has an appropriate `as` value and it is preloaded intentionally. @ http://localhost:3000/sanatani:0
[  106798ms] [WARNING] The resource http://localhost:3000/_next/static/css/app/layout.css?v=1784974092438 was preloaded using link preload but not used within a few seconds from the window's load event. Please make sure it has an appropriate `as` value and it is preloaded intentionally. @ http://localhost:3000/sanatani:0
[  106798ms] [WARNING] The resource http://localhost:3000/_next/static/css/app/layout.css?v=1784974109831 was preloaded using link preload but not used within a few seconds from the window's load event. Please make sure it has an appropriate `as` value and it is preloaded intentionally. @ http://localhost:3000/sanatani:0
[  106798ms] [WARNING] The resource http://localhost:3000/_next/static/css/app/layout.css?v=1784974133048 was preloaded using link preload but not used within a few seconds from the window's load event. Please make sure it has an appropriate `as` value and it is preloaded intentionally. @ http://localhost:3000/sanatani:0
[  106798ms] [WARNING] The resource http://localhost:3000/_next/static/css/app/layout.css?v=1784974094410 was preloaded using link preload but not used within a few seconds from the window's load event. Please make sure it has an appropriate `as` value and it is preloaded intentionally. @ http://localhost:3000/sanatani:0
[  106798ms] [WARNING] The resource http://localhost:3000/_next/static/css/app/layout.css?v=1784974111947 was preloaded using link preload but not used within a few seconds from the window's load event. Please make sure it has an appropriate `as` value and it is preloaded intentionally. @ http://localhost:3000/sanatani:0
[  106798ms] [WARNING] The resource http://localhost:3000/_next/static/css/app/layout.css?v=1784974121274 was preloaded using link preload but not used within a few seconds from the window's load event. Please make sure it has an appropriate `as` value and it is preloaded intentionally. @ http://localhost:3000/sanatani:0
[  106798ms] [WARNING] The resource http://localhost:3000/_next/static/css/app/layout.css?v=1784974113663 was preloaded using link preload but not used within a few seconds from the window's load event. Please make sure it has an appropriate `as` value and it is preloaded intentionally. @ http://localhost:3000/sanatani:0
[  106798ms] [WARNING] The resource http://localhost:3000/_next/static/css/app/layout.css?v=1784974101521 was preloaded using link preload but not used within a few seconds from the window's load event. Please make sure it has an appropriate `as` value and it is preloaded intentionally. @ http://localhost:3000/sanatani:0
[  106799ms] [WARNING] The resource http://localhost:3000/_next/static/css/app/layout.css?v=1784974136100 was preloaded using link preload but not used within a few seconds from the window's load event. Please make sure it has an appropriate `as` value and it is preloaded intentionally. @ http://localhost:3000/sanatani:0
[  106799ms] [WARNING] The resource http://localhost:3000/_next/static/css/app/layout.css?v=1784974107953 was preloaded using link preload but not used within a few seconds from the window's load event. Please make sure it has an appropriate `as` value and it is preloaded intentionally. @ http://localhost:3000/sanatani:0
[  106799ms] [WARNING] The resource http://localhost:3000/_next/static/css/app/layout.css?v=1784974102967 was preloaded using link preload but not used within a few seconds from the window's load event. Please make sure it has an appropriate `as` value and it is preloaded intentionally. @ http://localhost:3000/sanatani:0
[  106799ms] [WARNING] The resource http://localhost:3000/_next/static/css/app/layout.css?v=1784974177606 was preloaded using link preload but not used within a few seconds from the window's load event. Please make sure it has an appropriate `as` value and it is preloaded intentionally. @ http://localhost:3000/sanatani:0
[  106799ms] [WARNING] The resource http://localhost:3000/_next/static/css/app/layout.css?v=1784974095325 was preloaded using link preload but not used within a few seconds from the window's load event. Please make sure it has an appropriate `as` value and it is preloaded intentionally. @ http://localhost:3000/sanatani:0
[  106799ms] [WARNING] The resource http://localhost:3000/_next/static/css/app/layout.css?v=1784974124233 was preloaded using link preload but not used within a few seconds from the window's load event. Please make sure it has an appropriate `as` value and it is preloaded intentionally. @ http://localhost:3000/sanatani:0
[  106799ms] [WARNING] The resource http://localhost:3000/_next/static/css/app/layout.css?v=1784974111115 was preloaded using link preload but not used within a few seconds from the window's load event. Please make sure it has an appropriate `as` value and it is preloaded intentionally. @ http://localhost:3000/sanatani:0
[  106799ms] [WARNING] The resource http://localhost:3000/_next/static/css/app/layout.css?v=1784974103663 was preloaded using link preload but not used within a few seconds from the window's load event. Please make sure it has an appropriate `as` value and it is preloaded intentionally. @ http://localhost:3000/sanatani:0
[  106799ms] [WARNING] The resource http://localhost:3000/_next/static/css/app/layout.css?v=1784974107643 was preloaded using link preload but not used within a few seconds from the window's load event. Please make sure it has an appropriate `as` value and it is preloaded intentionally. @ http://localhost:3000/sanatani:0
[  106799ms] [WARNING] The resource http://localhost:3000/_next/static/css/app/layout.css?v=1784974109631 was preloaded using link preload but not used within a few seconds from the window's load event. Please make sure it has an appropriate `as` value and it is preloaded intentionally. @ http://localhost:3000/sanatani:0
[  106799ms] [WARNING] The resource http://localhost:3000/_next/static/css/app/layout.css?v=1784974130424 was preloaded using link preload but not used within a few seconds from the window's load event. Please make sure it has an appropriate `as` value and it is preloaded intentionally. @ http://localhost:3000/sanatani:0
[  106799ms] [WARNING] The resource http://localhost:3000/_next/static/css/app/layout.css?v=1784974096835 was preloaded using link preload but not used within a few seconds from the window's load event. Please make sure it has an appropriate `as` value and it is preloaded intentionally. @ http://localhost:3000/sanatani:0
[  106799ms] [WARNING] The resource http://localhost:3000/_next/static/css/app/layout.css?v=1784974102282 was preloaded using link preload but not used within a few seconds from the window's load event. Please make sure it has an appropriate `as` value and it is preloaded intentionally. @ http://localhost:3000/sanatani:0
[  106799ms] [WARNING] The resource http://localhost:3000/_next/static/css/app/layout.css?v=1784974125984 was preloaded using link preload but not used within a few seconds from the window's load event. Please make sure it has an appropriate `as` value and it is preloaded intentionally. @ http://localhost:3000/sanatani:0
[  106799ms] [WARNING] The resource http://localhost:3000/_next/static/css/app/layout.css?v=1784974141872 was preloaded using link preload but not used within a few seconds from the window's load event. Please make sure it has an appropriate `as` value and it is preloaded intentionally. @ http://localhost:3000/sanatani:0
[  106799ms] [WARNING] The resource http://localhost:3000/_next/static/css/app/layout.css?v=1784974100909 was preloaded using link preload but not used within a few seconds from the window's load event. Please make sure it has an appropriate `as` value and it is preloaded intentionally. @ http://localhost:3000/sanatani:0
[  106799ms] [WARNING] The resource http://localhost:3000/_next/static/css/app/layout.css?v=1784974099919 was preloaded using link preload but not used within a few seconds from the window's load event. Please make sure it has an appropriate `as` value and it is preloaded intentionally. @ http://localhost:3000/sanatani:0
[  106799ms] [WARNING] The resource http://localhost:3000/_next/static/css/app/layout.css?v=1784974136965 was preloaded using link preload but not used within a few seconds from the window's load event. Please make sure it has an appropriate `as` value and it is preloaded intentionally. @ http://localhost:3000/sanatani:0
[  106799ms] [WARNING] The resource http://localhost:3000/_next/static/css/app/layout.css?v=1784974118951 was preloaded using link preload but not used within a few seconds from the window's load event. Please make sure it has an appropriate `as` value and it is preloaded intentionally. @ http://localhost:3000/sanatani:0
[  106799ms] [WARNING] The resource http://localhost:3000/_next/static/css/app/layout.css?v=1784974110582 was preloaded using link preload but not used within a few seconds from the window's load event. Please make sure it has an appropriate `as` value and it is preloaded intentionally. @ http://localhost:3000/sanatani:0
[  106799ms] [WARNING] The resource http://localhost:3000/_next/static/css/app/layout.css?v=1784974093522 was preloaded using link preload but not used within a few seconds from the window's load event. Please make sure it has an appropriate `as` value and it is preloaded intentionally. @ http://localhost:3000/sanatani:0
[  126180ms] [LOG] [Fast Refresh] done in 19478ms @ webpack-internal:///(app-pages-browser)/./node_modules/next/dist/next-devtools/shared/forward-logs-shared.js:27
[  126196ms] [LOG] [Fast Refresh] rebuilding @ webpack-internal:///(app-pages-browser)/./node_modules/next/dist/next-devtools/shared/forward-logs-shared.js:27
[  132338ms] [LOG] [Fast Refresh] done in 6141ms @ webpack-internal:///(app-pages-browser)/./node_modules/next/dist/next-devtools/shared/forward-logs-shared.js:27
[  136200ms] [WARNING] The resource http://localhost:3000/_next/static/css/app/layout.css?v=1784974117261 was preloaded using link preload but not used within a few seconds from the window's load event. Please make sure it has an appropriate `as` value and it is preloaded intentionally. @ http://localhost:3000/sanatani:0
[  136200ms] [WARNING] The resource http://localhost:3000/_next/static/css/app/layout.css?v=1784974179255 was preloaded using link preload but not used within a few seconds from the window's load event. Please make sure it has an appropriate `as` value and it is preloaded intentionally. @ http://localhost:3000/sanatani:0
[  136200ms] [WARNING] The resource http://localhost:3000/_next/static/css/app/layout.css?v=1784974091813 was preloaded using link preload but not used within a few seconds from the window's load event. Please make sure it has an appropriate `as` value and it is preloaded intentionally. @ http://localhost:3000/sanatani:0
[  136200ms] [WARNING] The resource http://localhost:3000/_next/static/css/app/layout.css?v=1784974180391 was preloaded using link preload but not used within a few seconds from the window's load event. Please make sure it has an appropriate `as` value and it is preloaded intentionally. @ http://localhost:3000/sanatani:0
[  136200ms] [WARNING] The resource http://localhost:3000/_next/static/css/app/layout.css?v=1784974092438 was preloaded using link preload but not used within a few seconds from the window's load event. Please make sure it has an appropriate `as` value and it is preloaded intentionally. @ http://localhost:3000/sanatani:0
[  136200ms] [WARNING] The resource http://localhost:3000/_next/static/css/app/layout.css?v=1784974109831 was preloaded using link preload but not used within a few seconds from the window's load event. Please make sure it has an appropriate `as` value and it is preloaded intentionally. @ http://localhost:3000/sanatani:0
[  136200ms] [WARNING] The resource http://localhost:3000/_next/static/css/app/layout.css?v=1784974133048 was preloaded using link preload but not used within a few seconds from the window's load event. Please make sure it has an appropriate `as` value and it is preloaded intentionally. @ http://localhost:3000/sanatani:0
[  136200ms] [WARNING] The resource http://localhost:3000/_next/static/css/app/layout.css?v=1784974184363 was preloaded using link preload but not used within a few seconds from the window's load event. Please make sure it has an appropriate `as` value and it is preloaded intentionally. @ http://localhost:3000/sanatani:0
[  136200ms] [WARNING] The resource http://localhost:3000/_next/static/css/app/layout.css?v=1784974094410 was preloaded using link preload but not used within a few seconds from the window's load event. Please make sure it has an appropriate `as` value and it is preloaded intentionally. @ http://localhost:3000/sanatani:0
[  136200ms] [WARNING] The resource http://localhost:3000/_next/static/css/app/layout.css?v=1784974111947 was preloaded using link preload but not used within a few seconds from the window's load event. Please make sure it has an appropriate `as` value and it is preloaded intentionally. @ http://localhost:3000/sanatani:0
[  136200ms] [WARNING] The resource http://localhost:3000/_next/static/css/app/layout.css?v=1784974121274 was preloaded using link preload but not used within a few seconds from the window's load event. Please make sure it has an appropriate `as` value and it is preloaded intentionally. @ http://localhost:3000/sanatani:0
[  136200ms] [WARNING] The resource http://localhost:3000/_next/static/css/app/layout.css?v=1784974113663 was preloaded using link preload but not used within a few seconds from the window's load event. Please make sure it has an appropriate `as` value and it is preloaded intentionally. @ http://localhost:3000/sanatani:0
[  136200ms] [WARNING] The resource http://localhost:3000/_next/static/css/app/layout.css?v=1784974195446 was preloaded using link preload but not used within a few seconds from the window's load event. Please make sure it has an appropriate `as` value and it is preloaded intentionally. @ http://localhost:3000/sanatani:0
[  136200ms] [WARNING] The resource http://localhost:3000/_next/static/css/app/layout.css?v=1784974101521 was preloaded using link preload but not used within a few seconds from the window's load event. Please make sure it has an appropriate `as` value and it is preloaded intentionally. @ http://localhost:3000/sanatani:0
[  136200ms] [WARNING] The resource http://localhost:3000/_next/static/css/app/layout.css?v=1784974136100 was preloaded using link preload but not used within a few seconds from the window's load event. Please make sure it has an appropriate `as` value and it is preloaded intentionally. @ http://localhost:3000/sanatani:0
[  136200ms] [WARNING] The resource http://localhost:3000/_next/static/css/app/layout.css?v=1784974107953 was preloaded using link preload but not used within a few seconds from the window's load event. Please make sure it has an appropriate `as` value and it is preloaded intentionally. @ http://localhost:3000/sanatani:0
[  136200ms] [WARNING] The resource http://localhost:3000/_next/static/css/app/layout.css?v=1784974197241 was preloaded using link preload but not used within a few seconds from the window's load event. Please make sure it has an appropriate `as` value and it is preloaded intentionally. @ http://localhost:3000/sanatani:0
[  136200ms] [WARNING] The resource http://localhost:3000/_next/static/css/app/layout.css?v=1784974181910 was preloaded using link preload but not used within a few seconds from the window's load event. Please make sure it has an appropriate `as` value and it is preloaded intentionally. @ http://localhost:3000/sanatani:0
[  136201ms] [WARNING] The resource http://localhost:3000/_next/static/css/app/layout.css?v=1784974102967 was preloaded using link preload but not used within a few seconds from the window's load event. Please make sure it has an appropriate `as` value and it is preloaded intentionally. @ http://localhost:3000/sanatani:0
[  136201ms] [WARNING] The resource http://localhost:3000/_next/static/css/app/layout.css?v=1784974177606 was preloaded using link preload but not used within a few seconds from the window's load event. Please make sure it has an appropriate `as` value and it is preloaded intentionally. @ http://localhost:3000/sanatani:0
[  136201ms] [WARNING] The resource http://localhost:3000/_next/static/css/app/layout.css?v=1784974095325 was preloaded using link preload but not used within a few seconds from the window's load event. Please make sure it has an appropriate `as` value and it is preloaded intentionally. @ http://localhost:3000/sanatani:0
[  136201ms] [WARNING] The resource http://localhost:3000/_next/static/css/app/layout.css?v=1784974124233 was preloaded using link preload but not used within a few seconds from the window's load event. Please make sure it has an appropriate `as` value and it is preloaded intentionally. @ http://localhost:3000/sanatani:0
[  136201ms] [WARNING] The resource http://localhost:3000/_next/static/css/app/layout.css?v=1784974111115 was preloaded using link preload but not used within a few seconds from the window's load event. Please make sure it has an appropriate `as` value and it is preloaded intentionally. @ http://localhost:3000/sanatani:0
[  136201ms] [WARNING] The resource http://localhost:3000/_next/static/css/app/layout.css?v=1784974103663 was preloaded using link preload but not used within a few seconds from the window's load event. Please make sure it has an appropriate `as` value and it is preloaded intentionally. @ http://localhost:3000/sanatani:0
[  136201ms] [WARNING] The resource http://localhost:3000/_next/static/css/app/layout.css?v=1784974107643 was preloaded using link preload but not used within a few seconds from the window's load event. Please make sure it has an appropriate `as` value and it is preloaded intentionally. @ http://localhost:3000/sanatani:0
[  136201ms] [WARNING] The resource http://localhost:3000/_next/static/css/app/layout.css?v=1784974196193 was preloaded using link preload but not used within a few seconds from the window's load event. Please make sure it has an appropriate `as` value and it is preloaded intentionally. @ http://localhost:3000/sanatani:0
[  136201ms] [WARNING] The resource http://localhost:3000/_next/static/css/app/layout.css?v=1784974109631 was preloaded using link preload but not used within a few seconds from the window's load event. Please make sure it has an appropriate `as` value and it is preloaded intentionally. @ http://localhost:3000/sanatani:0
[  136201ms] [WARNING] The resource http://localhost:3000/_next/static/css/app/layout.css?v=1784974130424 was preloaded using link preload but not used within a few seconds from the window's load event. Please make sure it has an appropriate `as` value and it is preloaded intentionally. @ http://localhost:3000/sanatani:0
[  136201ms] [WARNING] The resource http://localhost:3000/_next/static/css/app/layout.css?v=1784974096835 was preloaded using link preload but not used within a few seconds from the window's load event. Please make sure it has an appropriate `as` value and it is preloaded intentionally. @ http://localhost:3000/sanatani:0
[  136201ms] [WARNING] The resource http://localhost:3000/_next/static/css/app/layout.css?v=1784974102282 was preloaded using link preload but not used within a few seconds from the window's load event. Please make sure it has an appropriate `as` value and it is preloaded intentionally. @ http://localhost:3000/sanatani:0
[  136201ms] [WARNING] The resource http://localhost:3000/_next/static/css/app/layout.css?v=1784974125984 was preloaded using link preload but not used within a few seconds from the window's load event. Please make sure it has an appropriate `as` value and it is preloaded intentionally. @ http://localhost:3000/sanatani:0
[  136201ms] [WARNING] The resource http://localhost:3000/_next/static/css/app/layout.css?v=1784974141872 was preloaded using link preload but not used within a few seconds from the window's load event. Please make sure it has an appropriate `as` value and it is preloaded intentionally. @ http://localhost:3000/sanatani:0
[  136201ms] [WARNING] The resource http://localhost:3000/_next/static/css/app/layout.css?v=1784974100909 was preloaded using link preload but not used within a few seconds from the window's load event. Please make sure it has an appropriate `as` value and it is preloaded intentionally. @ http://localhost:3000/sanatani:0
[  136201ms] [WARNING] The resource http://localhost:3000/_next/static/css/app/layout.css?v=1784974099919 was preloaded using link preload but not used within a few seconds from the window's load event. Please make sure it has an appropriate `as` value and it is preloaded intentionally. @ http://localhost:3000/sanatani:0
[  136201ms] [WARNING] The resource http://localhost:3000/_next/static/css/app/layout.css?v=1784974136965 was preloaded using link preload but not used within a few seconds from the window's load event. Please make sure it has an appropriate `as` value and it is preloaded intentionally. @ http://localhost:3000/sanatani:0
[  136201ms] [WARNING] The resource http://localhost:3000/_next/static/css/app/layout.css?v=1784974118951 was preloaded using link preload but not used within a few seconds from the window's load event. Please make sure it has an appropriate `as` value and it is preloaded intentionally. @ http://localhost:3000/sanatani:0
[  136201ms] [WARNING] The resource http://localhost:3000/_next/static/css/app/layout.css?v=1784974110582 was preloaded using link preload but not used within a few seconds from the window's load event. Please make sure it has an appropriate `as` value and it is preloaded intentionally. @ http://localhost:3000/sanatani:0
[  136201ms] [WARNING] The resource http://localhost:3000/_next/static/css/app/layout.css?v=1784974093522 was preloaded using link preload but not used within a few seconds from the window's load event. Please make sure it has an appropriate `as` value and it is preloaded intentionally. @ http://localhost:3000/sanatani:0
[  139365ms] [LOG] [Fast Refresh] rebuilding @ webpack-internal:///(app-pages-browser)/./node_modules/next/dist/next-devtools/shared/forward-logs-shared.js:27
[  139414ms] [LOG] [Fast Refresh] rebuilding @ webpack-internal:///(app-pages-browser)/./node_modules/next/dist/next-devtools/shared/forward-logs-shared.js:27
[  140490ms] [LOG] [Fast Refresh] done in 1075ms @ webpack-internal:///(app-pages-browser)/./node_modules/next/dist/next-devtools/shared/forward-logs-shared.js:27
[  142707ms] [LOG] [Fast Refresh] done in 3293ms @ webpack-internal:///(app-pages-browser)/./node_modules/next/dist/next-devtools/shared/forward-logs-shared.js:27
[  145724ms] [WARNING] The resource http://localhost:3000/_next/static/css/app/layout.css?v=1784974117261 was preloaded using link preload but not used within a few seconds from the window's load event. Please make sure it has an appropriate `as` value and it is preloaded intentionally. @ http://localhost:3000/sanatani:0
[  145724ms] [WARNING] The resource http://localhost:3000/_next/static/css/app/layout.css?v=1784974179255 was preloaded using link preload but not used within a few seconds from the window's load event. Please make sure it has an appropriate `as` value and it is preloaded intentionally. @ http://localhost:3000/sanatani:0
[  145724ms] [WARNING] The resource http://localhost:3000/_next/static/css/app/layout.css?v=1784974091813 was preloaded using link preload but not used within a few seconds from the window's load event. Please make sure it has an appropriate `as` value and it is preloaded intentionally. @ http://localhost:3000/sanatani:0
[  145724ms] [WARNING] The resource http://localhost:3000/_next/static/css/app/layout.css?v=1784974180391 was preloaded using link preload but not used within a few seconds from the window's load event. Please make sure it has an appropriate `as` value and it is preloaded intentionally. @ http://localhost:3000/sanatani:0
[  145724ms] [WARNING] The resource http://localhost:3000/_next/static/css/app/layout.css?v=1784974092438 was preloaded using link preload but not used within a few seconds from the window's load event. Please make sure it has an appropriate `as` value and it is preloaded intentionally. @ http://localhost:3000/sanatani:0
[  145724ms] [WARNING] The resource http://localhost:3000/_next/static/css/app/layout.css?v=1784974109831 was preloaded using link preload but not used within a few seconds from the window's load event. Please make sure it has an appropriate `as` value and it is preloaded intentionally. @ http://localhost:3000/sanatani:0
[  145724ms] [WARNING] The resource http://localhost:3000/_next/static/css/app/layout.css?v=1784974133048 was preloaded using link preload but not used within a few seconds from the window's load event. Please make sure it has an appropriate `as` value and it is preloaded intentionally. @ http://localhost:3000/sanatani:0
[  145725ms] [WARNING] The resource http://localhost:3000/_next/static/css/app/layout.css?v=1784974184363 was preloaded using link preload but not used within a few seconds from the window's load event. Please make sure it has an appropriate `as` value and it is preloaded intentionally. @ http://localhost:3000/sanatani:0
[  145725ms] [WARNING] The resource http://localhost:3000/_next/static/css/app/layout.css?v=1784974094410 was preloaded using link preload but not used within a few seconds from the window's load event. Please make sure it has an appropriate `as` value and it is preloaded intentionally. @ http://localhost:3000/sanatani:0
[  145725ms] [WARNING] The resource http://localhost:3000/_next/static/css/app/layout.css?v=1784974111947 was preloaded using link preload but not used within a few seconds from the window's load event. Please make sure it has an appropriate `as` value and it is preloaded intentionally. @ http://localhost:3000/sanatani:0
[  145725ms] [WARNING] The resource http://localhost:3000/_next/static/css/app/layout.css?v=1784974121274 was preloaded using link preload but not used within a few seconds from the window's load event. Please make sure it has an appropriate `as` value and it is preloaded intentionally. @ http://localhost:3000/sanatani:0
[  145725ms] [WARNING] The resource http://localhost:3000/_next/static/css/app/layout.css?v=1784974113663 was preloaded using link preload but not used within a few seconds from the window's load event. Please make sure it has an appropriate `as` value and it is preloaded intentionally. @ http://localhost:3000/sanatani:0
[  145725ms] [WARNING] The resource http://localhost:3000/_next/static/css/app/layout.css?v=1784974195446 was preloaded using link preload but not used within a few seconds from the window's load event. Please make sure it has an appropriate `as` value and it is preloaded intentionally. @ http://localhost:3000/sanatani:0
[  145725ms] [WARNING] The resource http://localhost:3000/_next/static/css/app/layout.css?v=1784974101521 was preloaded using link preload but not used within a few seconds from the window's load event. Please make sure it has an appropriate `as` value and it is preloaded intentionally. @ http://localhost:3000/sanatani:0
[  145725ms] [WARNING] The resource http://localhost:3000/_next/static/css/app/layout.css?v=1784974136100 was preloaded using link preload but not used within a few seconds from the window's load event. Please make sure it has an appropriate `as` value and it is preloaded intentionally. @ http://localhost:3000/sanatani:0
[  145725ms] [WARNING] The resource http://localhost:3000/_next/static/css/app/layout.css?v=1784974107953 was preloaded using link preload but not used within a few seconds from the window's load event. Please make sure it has an appropriate `as` value and it is preloaded intentionally. @ http://localhost:3000/sanatani:0
[  145725ms] [WARNING] The resource http://localhost:3000/_next/static/css/app/layout.css?v=1784974197241 was preloaded using link preload but not used within a few seconds from the window's load event. Please make sure it has an appropriate `as` value and it is preloaded intentionally. @ http://localhost:3000/sanatani:0
[  145725ms] [WARNING] The resource http://localhost:3000/_next/static/css/app/layout.css?v=1784974181910 was preloaded using link preload but not used within a few seconds from the window's load event. Please make sure it has an appropriate `as` value and it is preloaded intentionally. @ http://localhost:3000/sanatani:0
[  145725ms] [WARNING] The resource http://localhost:3000/_next/static/css/app/layout.css?v=1784974102967 was preloaded using link preload but not used within a few seconds from the window's load event. Please make sure it has an appropriate `as` value and it is preloaded intentionally. @ http://localhost:3000/sanatani:0
[  145725ms] [WARNING] The resource http://localhost:3000/_next/static/css/app/layout.css?v=1784974177606 was preloaded using link preload but not used within a few seconds from the window's load event. Please make sure it has an appropriate `as` value and it is preloaded intentionally. @ http://localhost:3000/sanatani:0
[  145725ms] [WARNING] The resource http://localhost:3000/_next/static/css/app/layout.css?v=1784974095325 was preloaded using link preload but not used within a few seconds from the window's load event. Please make sure it has an appropriate `as` value and it is preloaded intentionally. @ http://localhost:3000/sanatani:0
[  145725ms] [WARNING] The resource http://localhost:3000/_next/static/css/app/layout.css?v=1784974124233 was preloaded using link preload but not used within a few seconds from the window's load event. Please make sure it has an appropriate `as` value and it is preloaded intentionally. @ http://localhost:3000/sanatani:0
[  145725ms] [WARNING] The resource http://localhost:3000/_next/static/css/app/layout.css?v=1784974111115 was preloaded using link preload but not used within a few seconds from the window's load event. Please make sure it has an appropriate `as` value and it is preloaded intentionally. @ http://localhost:3000/sanatani:0
[  145725ms] [WARNING] The resource http://localhost:3000/_next/static/css/app/layout.css?v=1784974103663 was preloaded using link preload but not used within a few seconds from the window's load event. Please make sure it has an appropriate `as` value and it is preloaded intentionally. @ http://localhost:3000/sanatani:0
[  145725ms] [WARNING] The resource http://localhost:3000/_next/static/css/app/layout.css?v=1784974107643 was preloaded using link preload but not used within a few seconds from the window's load event. Please make sure it has an appropriate `as` value and it is preloaded intentionally. @ http://localhost:3000/sanatani:0
[  145725ms] [WARNING] The resource http://localhost:3000/_next/static/css/app/layout.css?v=1784974196193 was preloaded using link preload but not used within a few seconds from the window's load event. Please make sure it has an appropriate `as` value and it is preloaded intentionally. @ http://localhost:3000/sanatani:0
[  145725ms] [WARNING] The resource http://localhost:3000/_next/static/css/app/layout.css?v=1784974109631 was preloaded using link preload but not used within a few seconds from the window's load event. Please make sure it has an appropriate `as` value and it is preloaded intentionally. @ http://localhost:3000/sanatani:0
[  145725ms] [WARNING] The resource http://localhost:3000/_next/static/css/app/layout.css?v=1784974130424 was preloaded using link preload but not used within a few seconds from the window's load event. Please make sure it has an appropriate `as` value and it is preloaded intentionally. @ http://localhost:3000/sanatani:0
[  145725ms] [WARNING] The resource http://localhost:3000/_next/static/css/app/layout.css?v=1784974096835 was preloaded using link preload but not used within a few seconds from the window's load event. Please make sure it has an appropriate `as` value and it is preloaded intentionally. @ http://localhost:3000/sanatani:0
[  145725ms] [WARNING] The resource http://localhost:3000/_next/static/css/app/layout.css?v=1784974102282 was preloaded using link preload but not used within a few seconds from the window's load event. Please make sure it has an appropriate `as` value and it is preloaded intentionally. @ http://localhost:3000/sanatani:0
[  145725ms] [WARNING] The resource http://localhost:3000/_next/static/css/app/layout.css?v=1784974125984 was preloaded using link preload but not used within a few seconds from the window's load event. Please make sure it has an appropriate `as` value and it is preloaded intentionally. @ http://localhost:3000/sanatani:0
[  145725ms] [WARNING] The resource http://localhost:3000/_next/static/css/app/layout.css?v=1784974141872 was preloaded using link preload but not used within a few seconds from the window's load event. Please make sure it has an appropriate `as` value and it is preloaded intentionally. @ http://localhost:3000/sanatani:0
[  145725ms] [WARNING] The resource http://localhost:3000/_next/static/css/app/layout.css?v=1784974100909 was preloaded using link preload but not used within a few seconds from the window's load event. Please make sure it has an appropriate `as` value and it is preloaded intentionally. @ http://localhost:3000/sanatani:0
[  145725ms] [WARNING] The resource http://localhost:3000/_next/static/css/app/layout.css?v=1784974099919 was preloaded using link preload but not used within a few seconds from the window's load event. Please make sure it has an appropriate `as` value and it is preloaded intentionally. @ http://localhost:3000/sanatani:0
[  145725ms] [WARNING] The resource http://localhost:3000/_next/static/css/app/layout.css?v=1784974136965 was preloaded using link preload but not used within a few seconds from the window's load event. Please make sure it has an appropriate `as` value and it is preloaded intentionally. @ http://localhost:3000/sanatani:0
[  145725ms] [WARNING] The resource http://localhost:3000/_next/static/css/app/layout.css?v=1784974118951 was preloaded using link preload but not used within a few seconds from the window's load event. Please make sure it has an appropriate `as` value and it is preloaded intentionally. @ http://localhost:3000/sanatani:0
[  145725ms] [WARNING] The resource http://localhost:3000/_next/static/css/app/layout.css?v=1784974110582 was preloaded using link preload but not used within a few seconds from the window's load event. Please make sure it has an appropriate `as` value and it is preloaded intentionally. @ http://localhost:3000/sanatani:0
[  145725ms] [WARNING] The resource http://localhost:3000/_next/static/css/app/layout.css?v=1784974093522 was preloaded using link preload but not used within a few seconds from the window's load event. Please make sure it has an appropriate `as` value and it is preloaded intentionally. @ http://localhost:3000/sanatani:0
[  149715ms] [ERROR] Failed to load resource: the server responded with a status of 500 (Internal Server Error) @ http://localhost:3000/shrine/kashi-vishwanath?_rsc=6nuQaiAu8OlDmg9c:0
[  152786ms] [WARNING] The resource http://localhost:3000/_next/static/css/app/layout.css?v=1784974117261 was preloaded using link preload but not used within a few seconds from the window's load event. Please make sure it has an appropriate `as` value and it is preloaded intentionally. @ http://localhost:3000/sanatani:0
[  152786ms] [WARNING] The resource http://localhost:3000/_next/static/css/app/layout.css?v=1784974179255 was preloaded using link preload but not used within a few seconds from the window's load event. Please make sure it has an appropriate `as` value and it is preloaded intentionally. @ http://localhost:3000/sanatani:0
[  152786ms] [WARNING] The resource http://localhost:3000/_next/static/css/app/layout.css?v=1784974091813 was preloaded using link preload but not used within a few seconds from the window's load event. Please make sure it has an appropriate `as` value and it is preloaded intentionally. @ http://localhost:3000/sanatani:0
[  152786ms] [WARNING] The resource http://localhost:3000/_next/static/css/app/layout.css?v=1784974180391 was preloaded using link preload but not used within a few seconds from the window's load event. Please make sure it has an appropriate `as` value and it is preloaded intentionally. @ http://localhost:3000/sanatani:0
[  152786ms] [WARNING] The resource http://localhost:3000/_next/static/css/app/layout.css?v=1784974092438 was preloaded using link preload but not used within a few seconds from the window's load event. Please make sure it has an appropriate `as` value and it is preloaded intentionally. @ http://localhost:3000/sanatani:0
[  152786ms] [WARNING] The resource http://localhost:3000/_next/static/css/app/layout.css?v=1784974109831 was preloaded using link preload but not used within a few seconds from the window's load event. Please make sure it has an appropriate `as` value and it is preloaded intentionally. @ http://localhost:3000/sanatani:0
[  152786ms] [WARNING] The resource http://localhost:3000/_next/static/css/app/layout.css?v=1784974133048 was preloaded using link preload but not used within a few seconds from the window's load event. Please make sure it has an appropriate `as` value and it is preloaded intentionally. @ http://localhost:3000/sanatani:0
[  152786ms] [WARNING] The resource http://localhost:3000/_next/static/css/app/layout.css?v=1784974184363 was preloaded using link preload but not used within a few seconds from the window's load event. Please make sure it has an appropriate `as` value and it is preloaded intentionally. @ http://localhost:3000/sanatani:0
[  152786ms] [WARNING] The resource http://localhost:3000/_next/static/css/app/layout.css?v=1784974094410 was preloaded using link preload but not used within a few seconds from the window's load event. Please make sure it has an appropriate `as` value and it is preloaded intentionally. @ http://localhost:3000/sanatani:0
[  152786ms] [WARNING] The resource http://localhost:3000/_next/static/css/app/layout.css?v=1784974111947 was preloaded using link preload but not used within a few seconds from the window's load event. Please make sure it has an appropriate `as` value and it is preloaded intentionally. @ http://localhost:3000/sanatani:0
[  152786ms] [WARNING] The resource http://localhost:3000/_next/static/css/app/layout.css?v=1784974220139 was preloaded using link preload but not used within a few seconds from the window's load event. Please make sure it has an appropriate `as` value and it is preloaded intentionally. @ http://localhost:3000/sanatani:0
[  152786ms] [WARNING] The resource http://localhost:3000/_next/static/css/app/layout.css?v=1784974121274 was preloaded using link preload but not used within a few seconds from the window's load event. Please make sure it has an appropriate `as` value and it is preloaded intentionally. @ http://localhost:3000/sanatani:0
[  152786ms] [WARNING] The resource http://localhost:3000/_next/static/css/app/layout.css?v=1784974113663 was preloaded using link preload but not used within a few seconds from the window's load event. Please make sure it has an appropriate `as` value and it is preloaded intentionally. @ http://localhost:3000/sanatani:0
[  152786ms] [WARNING] The resource http://localhost:3000/_next/static/css/app/layout.css?v=1784974195446 was preloaded using link preload but not used within a few seconds from the window's load event. Please make sure it has an appropriate `as` value and it is preloaded intentionally. @ http://localhost:3000/sanatani:0
[  152786ms] [WARNING] The resource http://localhost:3000/_next/static/css/app/layout.css?v=1784974101521 was preloaded using link preload but not used within a few seconds from the window's load event. Please make sure it has an appropriate `as` value and it is preloaded intentionally. @ http://localhost:3000/sanatani:0
[  152786ms] [WARNING] The resource http://localhost:3000/_next/static/css/app/layout.css?v=1784974136100 was preloaded using link preload but not used within a few seconds from the window's load event. Please make sure it has an appropriate `as` value and it is preloaded intentionally. @ http://localhost:3000/sanatani:0
[  152786ms] [WARNING] The resource http://localhost:3000/_next/static/css/app/layout.css?v=1784974107953 was preloaded using link preload but not used within a few seconds from the window's load event. Please make sure it has an appropriate `as` value and it is preloaded intentionally. @ http://localhost:3000/sanatani:0
[  152786ms] [WARNING] The resource http://localhost:3000/_next/static/css/app/layout.css?v=1784974197241 was preloaded using link preload but not used within a few seconds from the window's load event. Please make sure it has an appropriate `as` value and it is preloaded intentionally. @ http://localhost:3000/sanatani:0
[  152786ms] [WARNING] The resource http://localhost:3000/_next/static/css/app/layout.css?v=1784974181910 was preloaded using link preload but not used within a few seconds from the window's load event. Please make sure it has an appropriate `as` value and it is preloaded intentionally. @ http://localhost:3000/sanatani:0
[  152786ms] [WARNING] The resource http://localhost:3000/_next/static/css/app/layout.css?v=1784974102967 was preloaded using link preload but not used within a few seconds from the window's load event. Please make sure it has an appropriate `as` value and it is preloaded intentionally. @ http://localhost:3000/sanatani:0
[  152786ms] [WARNING] The resource http://localhost:3000/_next/static/css/app/layout.css?v=1784974177606 was preloaded using link preload but not used within a few seconds from the window's load event. Please make sure it has an appropriate `as` value and it is preloaded intentionally. @ http://localhost:3000/sanatani:0
[  152786ms] [WARNING] The resource http://localhost:3000/_next/static/css/app/layout.css?v=1784974095325 was preloaded using link preload but not used within a few seconds from the window's load event. Please make sure it has an appropriate `as` value and it is preloaded intentionally. @ http://localhost:3000/sanatani:0
[  152786ms] [WARNING] The resource http://localhost:3000/_next/static/css/app/layout.css?v=1784974124233 was preloaded using link preload but not used within a few seconds from the window's load event. Please make sure it has an appropriate `as` value and it is preloaded intentionally. @ http://localhost:3000/sanatani:0
[  152786ms] [WARNING] The resource http://localhost:3000/_next/static/css/app/layout.css?v=1784974111115 was preloaded using link preload but not used within a few seconds from the window's load event. Please make sure it has an appropriate `as` value and it is preloaded intentionally. @ http://localhost:3000/sanatani:0
[  152786ms] [WARNING] The resource http://localhost:3000/_next/static/css/app/layout.css?v=1784974103663 was preloaded using link preload but not used within a few seconds from the window's load event. Please make sure it has an appropriate `as` value and it is preloaded intentionally. @ http://localhost:3000/sanatani:0
[  152786ms] [WARNING] The resource http://localhost:3000/_next/static/css/app/layout.css?v=1784974107643 was preloaded using link preload but not used within a few seconds from the window's load event. Please make sure it has an appropriate `as` value and it is preloaded intentionally. @ http://localhost:3000/sanatani:0
[  152786ms] [WARNING] The resource http://localhost:3000/_next/static/css/app/layout.css?v=1784974196193 was preloaded using link preload but not used within a few seconds from the window's load event. Please make sure it has an appropriate `as` value and it is preloaded intentionally. @ http://localhost:3000/sanatani:0
[  152786ms] [WARNING] The resource http://localhost:3000/_next/static/css/app/layout.css?v=1784974109631 was preloaded using link preload but not used within a few seconds from the window's load event. Please make sure it has an appropriate `as` value and it is preloaded intentionally. @ http://localhost:3000/sanatani:0
[  152786ms] [WARNING] The resource http://localhost:3000/_next/static/css/app/layout.css?v=1784974130424 was preloaded using link preload but not used within a few seconds from the window's load event. Please make sure it has an appropriate `as` value and it is preloaded intentionally. @ http://localhost:3000/sanatani:0
[  152786ms] [WARNING] The resource http://localhost:3000/_next/static/css/app/layout.css?v=1784974096835 was preloaded using link preload but not used within a few seconds from the window's load event. Please make sure it has an appropriate `as` value and it is preloaded intentionally. @ http://localhost:3000/sanatani:0
[  152786ms] [WARNING] The resource http://localhost:3000/_next/static/css/app/layout.css?v=1784974102282 was preloaded using link preload but not used within a few seconds from the window's load event. Please make sure it has an appropriate `as` value and it is preloaded intentionally. @ http://localhost:3000/sanatani:0
[  152786ms] [WARNING] The resource http://localhost:3000/_next/static/css/app/layout.css?v=1784974125984 was preloaded using link preload but not used within a few seconds from the window's load event. Please make sure it has an appropriate `as` value and it is preloaded intentionally. @ http://localhost:3000/sanatani:0
[  152786ms] [WARNING] The resource http://localhost:3000/_next/static/css/app/layout.css?v=1784974141872 was preloaded using link preload but not used within a few seconds from the window's load event. Please make sure it has an appropriate `as` value and it is preloaded intentionally. @ http://localhost:3000/sanatani:0
[  152786ms] [WARNING] The resource http://localhost:3000/_next/static/css/app/layout.css?v=1784974100909 was preloaded using link preload but not used within a few seconds from the window's load event. Please make sure it has an appropriate `as` value and it is preloaded intentionally. @ http://localhost:3000/sanatani:0
[  152786ms] [WARNING] The resource http://localhost:3000/_next/static/css/app/layout.css?v=1784974099919 was preloaded using link preload but not used within a few seconds from the window's load event. Please make sure it has an appropriate `as` value and it is preloaded intentionally. @ http://localhost:3000/sanatani:0
[  152787ms] [WARNING] The resource http://localhost:3000/_next/static/css/app/layout.css?v=1784974136965 was preloaded using link preload but not used within a few seconds from the window's load event. Please make sure it has an appropriate `as` value and it is preloaded intentionally. @ http://localhost:3000/sanatani:0
[  152787ms] [WARNING] The resource http://localhost:3000/_next/static/css/app/layout.css?v=1784974118951 was preloaded using link preload but not used within a few seconds from the window's load event. Please make sure it has an appropriate `as` value and it is preloaded intentionally. @ http://localhost:3000/sanatani:0
[  152787ms] [WARNING] The resource http://localhost:3000/_next/static/css/app/layout.css?v=1784974110582 was preloaded using link preload but not used within a few seconds from the window's load event. Please make sure it has an appropriate `as` value and it is preloaded intentionally. @ http://localhost:3000/sanatani:0
[  152787ms] [WARNING] The resource http://localhost:3000/_next/static/css/app/layout.css?v=1784974093522 was preloaded using link preload but not used within a few seconds from the window's load event. Please make sure it has an appropriate `as` value and it is preloaded intentionally. @ http://localhost:3000/sanatani:0
[  152787ms] [WARNING] The resource http://localhost:3000/_next/static/css/app/layout.css?v=1784974222120 was preloaded using link preload but not used within a few seconds from the window's load event. Please make sure it has an appropriate `as` value and it is preloaded intentionally. @ http://localhost:3000/sanatani:0
[  157365ms] [WARNING] <link rel=preload> uses an unsupported `as` value @ http://localhost:3000/shrine/kashi-vishwanath:0
[  157365ms] [WARNING] <link rel=preload> uses an unsupported `as` value @ http://localhost:3000/shrine/kashi-vishwanath:0
[  157365ms] [WARNING] <link rel=preload> uses an unsupported `as` value @ http://localhost:3000/shrine/kashi-vishwanath:0
[  157365ms] [WARNING] <link rel=preload> uses an unsupported `as` value @ http://localhost:3000/shrine/kashi-vishwanath:0
[  159945ms] [ERROR] Failed to load resource: the server responded with a status of 404 (Not Found) @ http://localhost:3000/_next/image?url=https%3A%2F%2Fimages.unsplash.com%2Fphoto-1561361513-2d000a45f0d2%3Fq%3D80%26w%3D1200%26auto%3Dformat%26fit%3Dcrop&w=1920&q=75:0
[  162655ms] [INFO] %cDownload the React DevTools for a better development experience: https://react.dev/link/react-devtools font-weight:bold @ webpack-internal:///(app-pages-browser)/./node_modules/next/dist/next-devtools/shared/forward-logs-shared.js:27
[  162909ms] [LOG] [HMR] connected @ webpack-internal:///(app-pages-browser)/./node_modules/next/dist/next-devtools/shared/forward-logs-shared.js:27
[  163279ms] [WARNING] Image with src "https://images.unsplash.com/photo-1561361513-2d000a45f0d2?q=80&w=1200&auto=format&fit=crop" has "fill" but is missing "sizes" prop. Please add it to improve page performance. Read more: https://nextjs.org/docs/api-reference/next/image#sizes @ webpack-internal:///(app-pages-browser)/./node_modules/next/dist/next-devtools/shared/forward-logs-shared.js:27
[  164660ms] [LOG] [Fast Refresh] rebuilding @ webpack-internal:///(app-pages-browser)/./node_modules/next/dist/next-devtools/shared/forward-logs-shared.js:27
[  166585ms] [LOG] [Fast Refresh] done in 1925ms @ webpack-internal:///(app-pages-browser)/./node_modules/next/dist/next-devtools/shared/forward-logs-shared.js:27
[  166601ms] [LOG] [Fast Refresh] rebuilding @ webpack-internal:///(app-pages-browser)/./node_modules/next/dist/next-devtools/shared/forward-logs-shared.js:27
[  175399ms] [LOG] [Fast Refresh] done in 8797ms @ webpack-internal:///(app-pages-browser)/./node_modules/next/dist/next-devtools/shared/forward-logs-shared.js:27
[  175796ms] [LOG] [Fast Refresh] rebuilding @ webpack-internal:///(app-pages-browser)/./node_modules/next/dist/next-devtools/shared/forward-logs-shared.js:27
[  176900ms] [LOG] [Fast Refresh] done in 1104ms @ webpack-internal:///(app-pages-browser)/./node_modules/next/dist/next-devtools/shared/forward-logs-shared.js:27
[  178492ms] [LOG] [Fast Refresh] rebuilding @ webpack-internal:///(app-pages-browser)/./node_modules/next/dist/next-devtools/shared/forward-logs-shared.js:27
[  181875ms] [WARNING] The resource http://localhost:3000/_next/static/css/app/layout.css?v=1784974236572 was preloaded using link preload but not used within a few seconds from the window's load event. Please make sure it has an appropriate `as` value and it is preloaded intentionally. @ http://localhost:3000/shrine/kashi-vishwanath:0
[  182339ms] [LOG] [Fast Refresh] done in 3847ms @ webpack-internal:///(app-pages-browser)/./node_modules/next/dist/next-devtools/shared/forward-logs-shared.js:27
[  183173ms] [LOG] [Fast Refresh] rebuilding @ webpack-internal:///(app-pages-browser)/./node_modules/next/dist/next-devtools/shared/forward-logs-shared.js:27
[  183521ms] [LOG] [Fast Refresh] done in 348ms @ webpack-internal:///(app-pages-browser)/./node_modules/next/dist/next-devtools/shared/forward-logs-shared.js:27
[  185731ms] [LOG] [Fast Refresh] rebuilding @ webpack-internal:///(app-pages-browser)/./node_modules/next/dist/next-devtools/shared/forward-logs-shared.js:27
[  188136ms] [LOG] [Fast Refresh] done in 2405ms @ webpack-internal:///(app-pages-browser)/./node_modules/next/dist/next-devtools/shared/forward-logs-shared.js:27
[  188937ms] [LOG] [Fast Refresh] rebuilding @ webpack-internal:///(app-pages-browser)/./node_modules/next/dist/next-devtools/shared/forward-logs-shared.js:27
[  189371ms] [LOG] [Fast Refresh] done in 434ms @ webpack-internal:///(app-pages-browser)/./node_modules/next/dist/next-devtools/shared/forward-logs-shared.js:27
[  193237ms] [WARNING] The resource http://localhost:3000/_next/static/css/app/layout.css?v=1784974236572 was preloaded using link preload but not used within a few seconds from the window's load event. Please make sure it has an appropriate `as` value and it is preloaded intentionally. @ http://localhost:3000/shrine/kashi-vishwanath:0
[  196683ms] [LOG] [Fast Refresh] rebuilding @ webpack-internal:///(app-pages-browser)/./node_modules/next/dist/next-devtools/shared/forward-logs-shared.js:27
[  197392ms] [LOG] [Fast Refresh] done in 710ms @ webpack-internal:///(app-pages-browser)/./node_modules/next/dist/next-devtools/shared/forward-logs-shared.js:27
[  199421ms] [LOG] [Fast Refresh] rebuilding @ webpack-internal:///(app-pages-browser)/./node_modules/next/dist/next-devtools/shared/forward-logs-shared.js:27
[  201975ms] [LOG] [Fast Refresh] done in 2554ms @ webpack-internal:///(app-pages-browser)/./node_modules/next/dist/next-devtools/shared/forward-logs-shared.js:27
[  203806ms] [LOG] [Fast Refresh] rebuilding @ webpack-internal:///(app-pages-browser)/./node_modules/next/dist/next-devtools/shared/forward-logs-shared.js:27
[  205323ms] [WARNING] The resource http://localhost:3000/_next/static/css/app/layout.css?v=1784974236572 was preloaded using link preload but not used within a few seconds from the window's load event. Please make sure it has an appropriate `as` value and it is preloaded intentionally. @ http://localhost:3000/shrine/kashi-vishwanath:0
[  208930ms] [LOG] [Fast Refresh] done in 5124ms @ webpack-internal:///(app-pages-browser)/./node_modules/next/dist/next-devtools/shared/forward-logs-shared.js:27
[  210135ms] [LOG] [Fast Refresh] rebuilding @ webpack-internal:///(app-pages-browser)/./node_modules/next/dist/next-devtools/shared/forward-logs-shared.js:27
[  210353ms] [LOG] [Fast Refresh] done in 218ms @ webpack-internal:///(app-pages-browser)/./node_modules/next/dist/next-devtools/shared/forward-logs-shared.js:27
[  213436ms] [LOG] [Fast Refresh] rebuilding @ webpack-internal:///(app-pages-browser)/./node_modules/next/dist/next-devtools/shared/forward-logs-shared.js:27
[  213638ms] [WARNING] The resource http://localhost:3000/_next/static/css/app/layout.css?v=1784974236572 was preloaded using link preload but not used within a few seconds from the window's load event. Please make sure it has an appropriate `as` value and it is preloaded intentionally. @ http://localhost:3000/shrine/kashi-vishwanath:0
[  215208ms] [LOG] [Fast Refresh] done in 1772ms @ webpack-internal:///(app-pages-browser)/./node_modules/next/dist/next-devtools/shared/forward-logs-shared.js:27
[  219650ms] [WARNING] The resource http://localhost:3000/_next/static/css/app/layout.css?v=1784974236572 was preloaded using link preload but not used within a few seconds from the window's load event. Please make sure it has an appropriate `as` value and it is preloaded intentionally. @ http://localhost:3000/shrine/kashi-vishwanath:0
[  219782ms] [LOG] [Fast Refresh] rebuilding @ webpack-internal:///(app-pages-browser)/./node_modules/next/dist/next-devtools/shared/forward-logs-shared.js:27
[  221277ms] [LOG] [Fast Refresh] done in 1495ms @ webpack-internal:///(app-pages-browser)/./node_modules/next/dist/next-devtools/shared/forward-logs-shared.js:27
[  224221ms] [LOG] [Fast Refresh] rebuilding @ webpack-internal:///(app-pages-browser)/./node_modules/next/dist/next-devtools/shared/forward-logs-shared.js:27
[  224837ms] [WARNING] The resource http://localhost:3000/_next/static/css/app/layout.css?v=1784974236572 was preloaded using link preload but not used within a few seconds from the window's load event. Please make sure it has an appropriate `as` value and it is preloaded intentionally. @ http://localhost:3000/shrine/kashi-vishwanath:0
[  226239ms] [LOG] [Fast Refresh] done in 2018ms @ webpack-internal:///(app-pages-browser)/./node_modules/next/dist/next-devtools/shared/forward-logs-shared.js:27
[  227138ms] [LOG] [Fast Refresh] rebuilding @ webpack-internal:///(app-pages-browser)/./node_modules/next/dist/next-devtools/shared/forward-logs-shared.js:27
[  227589ms] [LOG] [Fast Refresh] done in 451ms @ webpack-internal:///(app-pages-browser)/./node_modules/next/dist/next-devtools/shared/forward-logs-shared.js:27
[  231089ms] [WARNING] The resource http://localhost:3000/_next/static/css/app/layout.css?v=1784974236572 was preloaded using link preload but not used within a few seconds from the window's load event. Please make sure it has an appropriate `as` value and it is preloaded intentionally. @ http://localhost:3000/shrine/kashi-vishwanath:0
[  232214ms] [LOG] [Fast Refresh] rebuilding @ webpack-internal:///(app-pages-browser)/./node_modules/next/dist/next-devtools/shared/forward-logs-shared.js:27
[  232567ms] [LOG] [Fast Refresh] done in 353ms @ webpack-internal:///(app-pages-browser)/./node_modules/next/dist/next-devtools/shared/forward-logs-shared.js:27
[  235791ms] [LOG] [Fast Refresh] rebuilding @ webpack-internal:///(app-pages-browser)/./node_modules/next/dist/next-devtools/shared/forward-logs-shared.js:27
[  236026ms] [WARNING] The resource http://localhost:3000/_next/static/css/app/layout.css?v=1784974236572 was preloaded using link preload but not used within a few seconds from the window's load event. Please make sure it has an appropriate `as` value and it is preloaded intentionally. @ http://localhost:3000/shrine/kashi-vishwanath:0
[  237379ms] [LOG] [Fast Refresh] done in 1594ms @ webpack-internal:///(app-pages-browser)/./node_modules/next/dist/next-devtools/shared/forward-logs-shared.js:27
[  240890ms] [WARNING] The resource http://localhost:3000/_next/static/css/app/layout.css?v=1784974236572 was preloaded using link preload but not used within a few seconds from the window's load event. Please make sure it has an appropriate `as` value and it is preloaded intentionally. @ http://localhost:3000/shrine/kashi-vishwanath:0
[  242629ms] [LOG] [Fast Refresh] rebuilding @ webpack-internal:///(app-pages-browser)/./node_modules/next/dist/next-devtools/shared/forward-logs-shared.js:27
[  243457ms] [LOG] [Fast Refresh] done in 828ms @ webpack-internal:///(app-pages-browser)/./node_modules/next/dist/next-devtools/shared/forward-logs-shared.js:27
[  245038ms] [LOG] [Fast Refresh] rebuilding @ webpack-internal:///(app-pages-browser)/./node_modules/next/dist/next-devtools/shared/forward-logs-shared.js:27
[  245334ms] [LOG] [Fast Refresh] done in 295ms @ webpack-internal:///(app-pages-browser)/./node_modules/next/dist/next-devtools/shared/forward-logs-shared.js:27
[  248483ms] [LOG] [Fast Refresh] rebuilding @ webpack-internal:///(app-pages-browser)/./node_modules/next/dist/next-devtools/shared/forward-logs-shared.js:27
[  248701ms] [WARNING] The resource http://localhost:3000/_next/static/css/app/layout.css?v=1784974236572 was preloaded using link preload but not used within a few seconds from the window's load event. Please make sure it has an appropriate `as` value and it is preloaded intentionally. @ http://localhost:3000/shrine/kashi-vishwanath:0
[  250137ms] [LOG] [Fast Refresh] done in 1655ms @ webpack-internal:///(app-pages-browser)/./node_modules/next/dist/next-devtools/shared/forward-logs-shared.js:27
[  252726ms] [LOG] [Fast Refresh] rebuilding @ webpack-internal:///(app-pages-browser)/./node_modules/next/dist/next-devtools/shared/forward-logs-shared.js:27
[  255450ms] [LOG] [Fast Refresh] done in 2724ms @ webpack-internal:///(app-pages-browser)/./node_modules/next/dist/next-devtools/shared/forward-logs-shared.js:27
[  259397ms] [WARNING] The resource http://localhost:3000/_next/static/css/app/layout.css?v=1784974236572 was preloaded using link preload but not used within a few seconds from the window's load event. Please make sure it has an appropriate `as` value and it is preloaded intentionally. @ http://localhost:3000/shrine/kashi-vishwanath:0
[  260609ms] [LOG] [Fast Refresh] rebuilding @ webpack-internal:///(app-pages-browser)/./node_modules/next/dist/next-devtools/shared/forward-logs-shared.js:27
[  261143ms] [LOG] [Fast Refresh] done in 534ms @ webpack-internal:///(app-pages-browser)/./node_modules/next/dist/next-devtools/shared/forward-logs-shared.js:27
[  264944ms] [WARNING] The resource http://localhost:3000/_next/static/css/app/layout.css?v=1784974236572 was preloaded using link preload but not used within a few seconds from the window's load event. Please make sure it has an appropriate `as` value and it is preloaded intentionally. @ http://localhost:3000/shrine/kashi-vishwanath:0
[  265446ms] [LOG] [Fast Refresh] rebuilding @ webpack-internal:///(app-pages-browser)/./node_modules/next/dist/next-devtools/shared/forward-logs-shared.js:27
[  266308ms] [LOG] [Fast Refresh] done in 863ms @ webpack-internal:///(app-pages-browser)/./node_modules/next/dist/next-devtools/shared/forward-logs-shared.js:27
[  269783ms] [WARNING] The resource http://localhost:3000/_next/static/css/app/layout.css?v=1784974236572 was preloaded using link preload but not used within a few seconds from the window's load event. Please make sure it has an appropriate `as` value and it is preloaded intentionally. @ http://localhost:3000/shrine/kashi-vishwanath:0
[  270153ms] [LOG] [Fast Refresh] rebuilding @ webpack-internal:///(app-pages-browser)/./node_modules/next/dist/next-devtools/shared/forward-logs-shared.js:27
[  271200ms] [LOG] [Fast Refresh] done in 1048ms @ webpack-internal:///(app-pages-browser)/./node_modules/next/dist/next-devtools/shared/forward-logs-shared.js:27
[  274173ms] [LOG] [Fast Refresh] rebuilding @ webpack-internal:///(app-pages-browser)/./node_modules/next/dist/next-devtools/shared/forward-logs-shared.js:27
[  275829ms] [LOG] [Fast Refresh] done in 1656ms @ webpack-internal:///(app-pages-browser)/./node_modules/next/dist/next-devtools/shared/forward-logs-shared.js:27
[  276475ms] [LOG] [Fast Refresh] rebuilding @ webpack-internal:///(app-pages-browser)/./node_modules/next/dist/next-devtools/shared/forward-logs-shared.js:27
[  276862ms] [LOG] [Fast Refresh] done in 386ms @ webpack-internal:///(app-pages-browser)/./node_modules/next/dist/next-devtools/shared/forward-logs-shared.js:27
[  279949ms] [LOG] [Fast Refresh] rebuilding @ webpack-internal:///(app-pages-browser)/./node_modules/next/dist/next-devtools/shared/forward-logs-shared.js:27
[  280293ms] [WARNING] The resource http://localhost:3000/_next/static/css/app/layout.css?v=1784974236572 was preloaded using link preload but not used within a few seconds from the window's load event. Please make sure it has an appropriate `as` value and it is preloaded intentionally. @ http://localhost:3000/shrine/kashi-vishwanath:0
[  281492ms] [LOG] [Fast Refresh] done in 1543ms @ webpack-internal:///(app-pages-browser)/./node_modules/next/dist/next-devtools/shared/forward-logs-shared.js:27
[  283054ms] [LOG] [Fast Refresh] rebuilding @ webpack-internal:///(app-pages-browser)/./node_modules/next/dist/next-devtools/shared/forward-logs-shared.js:27
[  285740ms] [LOG] [Fast Refresh] done in 2686ms @ webpack-internal:///(app-pages-browser)/./node_modules/next/dist/next-devtools/shared/forward-logs-shared.js:27
[  287716ms] [LOG] [Fast Refresh] rebuilding @ webpack-internal:///(app-pages-browser)/./node_modules/next/dist/next-devtools/shared/forward-logs-shared.js:27
[  290080ms] [LOG] [Fast Refresh] done in 2364ms @ webpack-internal:///(app-pages-browser)/./node_modules/next/dist/next-devtools/shared/forward-logs-shared.js:27
[  291352ms] [LOG] [Fast Refresh] rebuilding @ webpack-internal:///(app-pages-browser)/./node_modules/next/dist/next-devtools/shared/forward-logs-shared.js:27
[  292130ms] [LOG] [Fast Refresh] done in 778ms @ webpack-internal:///(app-pages-browser)/./node_modules/next/dist/next-devtools/shared/forward-logs-shared.js:27
[  295948ms] [WARNING] The resource http://localhost:3000/_next/static/css/app/layout.css?v=1784974236572 was preloaded using link preload but not used within a few seconds from the window's load event. Please make sure it has an appropriate `as` value and it is preloaded intentionally. @ http://localhost:3000/shrine/kashi-vishwanath:0
[  297244ms] [LOG] [Fast Refresh] rebuilding @ webpack-internal:///(app-pages-browser)/./node_modules/next/dist/next-devtools/shared/forward-logs-shared.js:27
[  298640ms] [LOG] [Fast Refresh] done in 1396ms @ webpack-internal:///(app-pages-browser)/./node_modules/next/dist/next-devtools/shared/forward-logs-shared.js:27
[  300848ms] [LOG] [Fast Refresh] rebuilding @ webpack-internal:///(app-pages-browser)/./node_modules/next/dist/next-devtools/shared/forward-logs-shared.js:27
[  301291ms] [LOG] [Fast Refresh] done in 443ms @ webpack-internal:///(app-pages-browser)/./node_modules/next/dist/next-devtools/shared/forward-logs-shared.js:27
[  305423ms] [WARNING] The resource http://localhost:3000/_next/static/css/app/layout.css?v=1784974236572 was preloaded using link preload but not used within a few seconds from the window's load event. Please make sure it has an appropriate `as` value and it is preloaded intentionally. @ http://localhost:3000/shrine/kashi-vishwanath:0
[  308277ms] [LOG] [Fast Refresh] rebuilding @ webpack-internal:///(app-pages-browser)/./node_modules/next/dist/next-devtools/shared/forward-logs-shared.js:27
[  308837ms] [LOG] [Fast Refresh] done in 561ms @ webpack-internal:///(app-pages-browser)/./node_modules/next/dist/next-devtools/shared/forward-logs-shared.js:27
[  312520ms] [WARNING] The resource http://localhost:3000/_next/static/css/app/layout.css?v=1784974236572 was preloaded using link preload but not used within a few seconds from the window's load event. Please make sure it has an appropriate `as` value and it is preloaded intentionally. @ http://localhost:3000/shrine/kashi-vishwanath:0
[  313619ms] [LOG] [Fast Refresh] rebuilding @ webpack-internal:///(app-pages-browser)/./node_modules/next/dist/next-devtools/shared/forward-logs-shared.js:27
[  314093ms] [LOG] [Fast Refresh] done in 474ms @ webpack-internal:///(app-pages-browser)/./node_modules/next/dist/next-devtools/shared/forward-logs-shared.js:27
[  317625ms] [WARNING] The resource http://localhost:3000/_next/static/css/app/layout.css?v=1784974236572 was preloaded using link preload but not used within a few seconds from the window's load event. Please make sure it has an appropriate `as` value and it is preloaded intentionally. @ http://localhost:3000/shrine/kashi-vishwanath:0
[  318172ms] [LOG] [Fast Refresh] rebuilding @ webpack-internal:///(app-pages-browser)/./node_modules/next/dist/next-devtools/shared/forward-logs-shared.js:27
[  319123ms] [LOG] [Fast Refresh] done in 951ms @ webpack-internal:///(app-pages-browser)/./node_modules/next/dist/next-devtools/shared/forward-logs-shared.js:27
[  320165ms] [LOG] [Fast Refresh] rebuilding @ webpack-internal:///(app-pages-browser)/./node_modules/next/dist/next-devtools/shared/forward-logs-shared.js:27
[  320489ms] [LOG] [Fast Refresh] done in 323ms @ webpack-internal:///(app-pages-browser)/./node_modules/next/dist/next-devtools/shared/forward-logs-shared.js:27
[  323892ms] [WARNING] The resource http://localhost:3000/_next/static/css/app/layout.css?v=1784974236572 was preloaded using link preload but not used within a few seconds from the window's load event. Please make sure it has an appropriate `as` value and it is preloaded intentionally. @ http://localhost:3000/shrine/kashi-vishwanath:0
[  325135ms] [LOG] [Fast Refresh] rebuilding @ webpack-internal:///(app-pages-browser)/./node_modules/next/dist/next-devtools/shared/forward-logs-shared.js:27
[  326234ms] [LOG] [Fast Refresh] done in 1099ms @ webpack-internal:///(app-pages-browser)/./node_modules/next/dist/next-devtools/shared/forward-logs-shared.js:27
[  330087ms] [WARNING] The resource http://localhost:3000/_next/static/css/app/layout.css?v=1784974236572 was preloaded using link preload but not used within a few seconds from the window's load event. Please make sure it has an appropriate `as` value and it is preloaded intentionally. @ http://localhost:3000/shrine/kashi-vishwanath:0
[  331035ms] [LOG] [Fast Refresh] rebuilding @ webpack-internal:///(app-pages-browser)/./node_modules/next/dist/next-devtools/shared/forward-logs-shared.js:27
[  332163ms] [LOG] [Fast Refresh] done in 1128ms @ webpack-internal:///(app-pages-browser)/./node_modules/next/dist/next-devtools/shared/forward-logs-shared.js:27
[  337126ms] [WARNING] The resource http://localhost:3000/_next/static/css/app/layout.css?v=1784974236572 was preloaded using link preload but not used within a few seconds from the window's load event. Please make sure it has an appropriate `as` value and it is preloaded intentionally. @ http://localhost:3000/shrine/kashi-vishwanath:0
[  338191ms] [LOG] [Fast Refresh] rebuilding @ webpack-internal:///(app-pages-browser)/./node_modules/next/dist/next-devtools/shared/forward-logs-shared.js:27
[  338712ms] [LOG] [Fast Refresh] done in 521ms @ webpack-internal:///(app-pages-browser)/./node_modules/next/dist/next-devtools/shared/forward-logs-shared.js:27
[  339970ms] [LOG] [Fast Refresh] rebuilding @ webpack-internal:///(app-pages-browser)/./node_modules/next/dist/next-devtools/shared/forward-logs-shared.js:27
[  343368ms] [LOG] [Fast Refresh] done in 3398ms @ webpack-internal:///(app-pages-browser)/./node_modules/next/dist/next-devtools/shared/forward-logs-shared.js:27
[  344200ms] [LOG] [Fast Refresh] rebuilding @ webpack-internal:///(app-pages-browser)/./node_modules/next/dist/next-devtools/shared/forward-logs-shared.js:27
[  344491ms] [LOG] [Fast Refresh] done in 291ms @ webpack-internal:///(app-pages-browser)/./node_modules/next/dist/next-devtools/shared/forward-logs-shared.js:27
[  346994ms] [LOG] [Fast Refresh] rebuilding @ webpack-internal:///(app-pages-browser)/./node_modules/next/dist/next-devtools/shared/forward-logs-shared.js:27
[  349080ms] [LOG] [Fast Refresh] done in 2086ms @ webpack-internal:///(app-pages-browser)/./node_modules/next/dist/next-devtools/shared/forward-logs-shared.js:27
[  352486ms] [WARNING] The resource http://localhost:3000/_next/static/css/app/layout.css?v=1784974236572 was preloaded using link preload but not used within a few seconds from the window's load event. Please make sure it has an appropriate `as` value and it is preloaded intentionally. @ http://localhost:3000/shrine/kashi-vishwanath:0
[  354313ms] [LOG] [Fast Refresh] rebuilding @ webpack-internal:///(app-pages-browser)/./node_modules/next/dist/next-devtools/shared/forward-logs-shared.js:27
[  354730ms] [LOG] [Fast Refresh] done in 417ms @ webpack-internal:///(app-pages-browser)/./node_modules/next/dist/next-devtools/shared/forward-logs-shared.js:27
[  355926ms] [LOG] [Fast Refresh] rebuilding @ webpack-internal:///(app-pages-browser)/./node_modules/next/dist/next-devtools/shared/forward-logs-shared.js:27
[  358747ms] [LOG] [Fast Refresh] done in 2821ms @ webpack-internal:///(app-pages-browser)/./node_modules/next/dist/next-devtools/shared/forward-logs-shared.js:27
[  360921ms] [LOG] [Fast Refresh] rebuilding @ webpack-internal:///(app-pages-browser)/./node_modules/next/dist/next-devtools/shared/forward-logs-shared.js:27
[  363301ms] [LOG] [Fast Refresh] done in 2379ms @ webpack-internal:///(app-pages-browser)/./node_modules/next/dist/next-devtools/shared/forward-logs-shared.js:27
[  365744ms] [LOG] [Fast Refresh] rebuilding @ webpack-internal:///(app-pages-browser)/./node_modules/next/dist/next-devtools/shared/forward-logs-shared.js:27
[  368357ms] [LOG] [Fast Refresh] done in 2614ms @ webpack-internal:///(app-pages-browser)/./node_modules/next/dist/next-devtools/shared/forward-logs-shared.js:27
[  371797ms] [WARNING] The resource http://localhost:3000/_next/static/css/app/layout.css?v=1784974236572 was preloaded using link preload but not used within a few seconds from the window's load event. Please make sure it has an appropriate `as` value and it is preloaded intentionally. @ http://localhost:3000/shrine/kashi-vishwanath:0
[  373742ms] [LOG] [Fast Refresh] rebuilding @ webpack-internal:///(app-pages-browser)/./node_modules/next/dist/next-devtools/shared/forward-logs-shared.js:27
[  374360ms] [LOG] [Fast Refresh] done in 618ms @ webpack-internal:///(app-pages-browser)/./node_modules/next/dist/next-devtools/shared/forward-logs-shared.js:27
[  375397ms] [LOG] [Fast Refresh] rebuilding @ webpack-internal:///(app-pages-browser)/./node_modules/next/dist/next-devtools/shared/forward-logs-shared.js:27
[  375789ms] [LOG] [Fast Refresh] done in 391ms @ webpack-internal:///(app-pages-browser)/./node_modules/next/dist/next-devtools/shared/forward-logs-shared.js:27
[  377848ms] [LOG] [Fast Refresh] rebuilding @ webpack-internal:///(app-pages-browser)/./node_modules/next/dist/next-devtools/shared/forward-logs-shared.js:27
[  380827ms] [LOG] [Fast Refresh] done in 2979ms @ webpack-internal:///(app-pages-browser)/./node_modules/next/dist/next-devtools/shared/forward-logs-shared.js:27
[  382825ms] [LOG] [Fast Refresh] rebuilding @ webpack-internal:///(app-pages-browser)/./node_modules/next/dist/next-devtools/shared/forward-logs-shared.js:27
[  385490ms] [LOG] [Fast Refresh] done in 2665ms @ webpack-internal:///(app-pages-browser)/./node_modules/next/dist/next-devtools/shared/forward-logs-shared.js:27
[  386166ms] [LOG] [Fast Refresh] rebuilding @ webpack-internal:///(app-pages-browser)/./node_modules/next/dist/next-devtools/shared/forward-logs-shared.js:27
[  386356ms] [LOG] [Fast Refresh] done in 189ms @ webpack-internal:///(app-pages-browser)/./node_modules/next/dist/next-devtools/shared/forward-logs-shared.js:27
[  388836ms] [LOG] [Fast Refresh] rebuilding @ webpack-internal:///(app-pages-browser)/./node_modules/next/dist/next-devtools/shared/forward-logs-shared.js:27
[  389744ms] [WARNING] The resource http://localhost:3000/_next/static/css/app/layout.css?v=1784974236572 was preloaded using link preload but not used within a few seconds from the window's load event. Please make sure it has an appropriate `as` value and it is preloaded intentionally. @ http://localhost:3000/shrine/kashi-vishwanath:0
[  391259ms] [LOG] [Fast Refresh] done in 2423ms @ webpack-internal:///(app-pages-browser)/./node_modules/next/dist/next-devtools/shared/forward-logs-shared.js:27
[  394870ms] [WARNING] The resource http://localhost:3000/_next/static/css/app/layout.css?v=1784974236572 was preloaded using link preload but not used within a few seconds from the window's load event. Please make sure it has an appropriate `as` value and it is preloaded intentionally. @ http://localhost:3000/shrine/kashi-vishwanath:0
[  396028ms] [LOG] [Fast Refresh] rebuilding @ webpack-internal:///(app-pages-browser)/./node_modules/next/dist/next-devtools/shared/forward-logs-shared.js:27
[  396562ms] [LOG] [Fast Refresh] done in 534ms @ webpack-internal:///(app-pages-browser)/./node_modules/next/dist/next-devtools/shared/forward-logs-shared.js:27
[  400012ms] [WARNING] The resource http://localhost:3000/_next/static/css/app/layout.css?v=1784974236572 was preloaded using link preload but not used within a few seconds from the window's load event. Please make sure it has an appropriate `as` value and it is preloaded intentionally. @ http://localhost:3000/shrine/kashi-vishwanath:0
[  401391ms] [LOG] [Fast Refresh] rebuilding @ webpack-internal:///(app-pages-browser)/./node_modules/next/dist/next-devtools/shared/forward-logs-shared.js:27
[  402124ms] [LOG] [Fast Refresh] done in 732ms @ webpack-internal:///(app-pages-browser)/./node_modules/next/dist/next-devtools/shared/forward-logs-shared.js:27
[  405294ms] [LOG] [Fast Refresh] rebuilding @ webpack-internal:///(app-pages-browser)/./node_modules/next/dist/next-devtools/shared/forward-logs-shared.js:27
[  405604ms] [WARNING] The resource http://localhost:3000/_next/static/css/app/layout.css?v=1784974236572 was preloaded using link preload but not used within a few seconds from the window's load event. Please make sure it has an appropriate `as` value and it is preloaded intentionally. @ http://localhost:3000/shrine/kashi-vishwanath:0
[  406900ms] [LOG] [Fast Refresh] done in 1607ms @ webpack-internal:///(app-pages-browser)/./node_modules/next/dist/next-devtools/shared/forward-logs-shared.js:27
[  408086ms] [LOG] [Fast Refresh] rebuilding @ webpack-internal:///(app-pages-browser)/./node_modules/next/dist/next-devtools/shared/forward-logs-shared.js:27
[  408436ms] [LOG] [Fast Refresh] done in 351ms @ webpack-internal:///(app-pages-browser)/./node_modules/next/dist/next-devtools/shared/forward-logs-shared.js:27
[  411781ms] [LOG] [Fast Refresh] rebuilding @ webpack-internal:///(app-pages-browser)/./node_modules/next/dist/next-devtools/shared/forward-logs-shared.js:27
[  411782ms] [WARNING] The resource http://localhost:3000/_next/static/css/app/layout.css?v=1784974236572 was preloaded using link preload but not used within a few seconds from the window's load event. Please make sure it has an appropriate `as` value and it is preloaded intentionally. @ http://localhost:3000/shrine/kashi-vishwanath:0
[  413182ms] [LOG] [Fast Refresh] done in 1402ms @ webpack-internal:///(app-pages-browser)/./node_modules/next/dist/next-devtools/shared/forward-logs-shared.js:27
[  414880ms] [LOG] [Fast Refresh] rebuilding @ webpack-internal:///(app-pages-browser)/./node_modules/next/dist/next-devtools/shared/forward-logs-shared.js:27
[  417880ms] [LOG] [Fast Refresh] done in 3000ms @ webpack-internal:///(app-pages-browser)/./node_modules/next/dist/next-devtools/shared/forward-logs-shared.js:27
[  418803ms] [LOG] [Fast Refresh] rebuilding @ webpack-internal:///(app-pages-browser)/./node_modules/next/dist/next-devtools/shared/forward-logs-shared.js:27
[  419328ms] [LOG] [Fast Refresh] done in 525ms @ webpack-internal:///(app-pages-browser)/./node_modules/next/dist/next-devtools/shared/forward-logs-shared.js:27
[  423125ms] [WARNING] The resource http://localhost:3000/_next/static/css/app/layout.css?v=1784974236572 was preloaded using link preload but not used within a few seconds from the window's load event. Please make sure it has an appropriate `as` value and it is preloaded intentionally. @ http://localhost:3000/shrine/kashi-vishwanath:0
[  423815ms] [LOG] [Fast Refresh] rebuilding @ webpack-internal:///(app-pages-browser)/./node_modules/next/dist/next-devtools/shared/forward-logs-shared.js:27
[  424573ms] [LOG] [Fast Refresh] done in 757ms @ webpack-internal:///(app-pages-browser)/./node_modules/next/dist/next-devtools/shared/forward-logs-shared.js:27
[  425586ms] [LOG] [Fast Refresh] rebuilding @ webpack-internal:///(app-pages-browser)/./node_modules/next/dist/next-devtools/shared/forward-logs-shared.js:27
[  426065ms] [LOG] [Fast Refresh] done in 478ms @ webpack-internal:///(app-pages-browser)/./node_modules/next/dist/next-devtools/shared/forward-logs-shared.js:27
[  426949ms] [LOG] [Fast Refresh] rebuilding @ webpack-internal:///(app-pages-browser)/./node_modules/next/dist/next-devtools/shared/forward-logs-shared.js:27
[  427386ms] [LOG] [Fast Refresh] done in 437ms @ webpack-internal:///(app-pages-browser)/./node_modules/next/dist/next-devtools/shared/forward-logs-shared.js:27
[  431018ms] [WARNING] The resource http://localhost:3000/_next/static/css/app/layout.css?v=1784974236572 was preloaded using link preload but not used within a few seconds from the window's load event. Please make sure it has an appropriate `as` value and it is preloaded intentionally. @ http://localhost:3000/shrine/kashi-vishwanath:0
[  431596ms] [LOG] [Fast Refresh] rebuilding @ webpack-internal:///(app-pages-browser)/./node_modules/next/dist/next-devtools/shared/forward-logs-shared.js:27
[  432483ms] [LOG] [Fast Refresh] done in 887ms @ webpack-internal:///(app-pages-browser)/./node_modules/next/dist/next-devtools/shared/forward-logs-shared.js:27
[  433709ms] [LOG] [Fast Refresh] rebuilding @ webpack-internal:///(app-pages-browser)/./node_modules/next/dist/next-devtools/shared/forward-logs-shared.js:27
[  437124ms] [LOG] [Fast Refresh] done in 3415ms @ webpack-internal:///(app-pages-browser)/./node_modules/next/dist/next-devtools/shared/forward-logs-shared.js:27
[  440227ms] [LOG] [Fast Refresh] rebuilding @ webpack-internal:///(app-pages-browser)/./node_modules/next/dist/next-devtools/shared/forward-logs-shared.js:27
[  442237ms] [LOG] [Fast Refresh] done in 2010ms @ webpack-internal:///(app-pages-browser)/./node_modules/next/dist/next-devtools/shared/forward-logs-shared.js:27
[  445651ms] [WARNING] The resource http://localhost:3000/_next/static/css/app/layout.css?v=1784974236572 was preloaded using link preload but not used within a few seconds from the window's load event. Please make sure it has an appropriate `as` value and it is preloaded intentionally. @ http://localhost:3000/shrine/kashi-vishwanath:0
[  448433ms] [LOG] [Fast Refresh] rebuilding @ webpack-internal:///(app-pages-browser)/./node_modules/next/dist/next-devtools/shared/forward-logs-shared.js:27
[  448802ms] [LOG] [Fast Refresh] done in 368ms @ webpack-internal:///(app-pages-browser)/./node_modules/next/dist/next-devtools/shared/forward-logs-shared.js:27
[  451713ms] [LOG] [Fast Refresh] rebuilding @ webpack-internal:///(app-pages-browser)/./node_modules/next/dist/next-devtools/shared/forward-logs-shared.js:27
[  452310ms] [WARNING] The resource http://localhost:3000/_next/static/css/app/layout.css?v=1784974236572 was preloaded using link preload but not used within a few seconds from the window's load event. Please make sure it has an appropriate `as` value and it is preloaded intentionally. @ http://localhost:3000/shrine/kashi-vishwanath:0
[  453590ms] [LOG] [Fast Refresh] done in 1879ms @ webpack-internal:///(app-pages-browser)/./node_modules/next/dist/next-devtools/shared/forward-logs-shared.js:27
[  454509ms] [LOG] [Fast Refresh] rebuilding @ webpack-internal:///(app-pages-browser)/./node_modules/next/dist/next-devtools/shared/forward-logs-shared.js:27
[  454895ms] [LOG] [Fast Refresh] done in 385ms @ webpack-internal:///(app-pages-browser)/./node_modules/next/dist/next-devtools/shared/forward-logs-shared.js:27
[  458187ms] [LOG] [Fast Refresh] rebuilding @ webpack-internal:///(app-pages-browser)/./node_modules/next/dist/next-devtools/shared/forward-logs-shared.js:27
[  458188ms] [WARNING] The resource http://localhost:3000/_next/static/css/app/layout.css?v=1784974236572 was preloaded using link preload but not used within a few seconds from the window's load event. Please make sure it has an appropriate `as` value and it is preloaded intentionally. @ http://localhost:3000/shrine/kashi-vishwanath:0
[  459604ms] [LOG] [Fast Refresh] done in 1417ms @ webpack-internal:///(app-pages-browser)/./node_modules/next/dist/next-devtools/shared/forward-logs-shared.js:27
[  463041ms] [WARNING] The resource http://localhost:3000/_next/static/css/app/layout.css?v=1784974236572 was preloaded using link preload but not used within a few seconds from the window's load event. Please make sure it has an appropriate `as` value and it is preloaded intentionally. @ http://localhost:3000/shrine/kashi-vishwanath:0
[  464139ms] [LOG] [Fast Refresh] rebuilding @ webpack-internal:///(app-pages-browser)/./node_modules/next/dist/next-devtools/shared/forward-logs-shared.js:27
[  464615ms] [LOG] [Fast Refresh] done in 476ms @ webpack-internal:///(app-pages-browser)/./node_modules/next/dist/next-devtools/shared/forward-logs-shared.js:27
[  467770ms] [LOG] [Fast Refresh] rebuilding @ webpack-internal:///(app-pages-browser)/./node_modules/next/dist/next-devtools/shared/forward-logs-shared.js:27
[  468060ms] [WARNING] The resource http://localhost:3000/_next/static/css/app/layout.css?v=1784974236572 was preloaded using link preload but not used within a few seconds from the window's load event. Please make sure it has an appropriate `as` value and it is preloaded intentionally. @ http://localhost:3000/shrine/kashi-vishwanath:0
[  469654ms] [LOG] [Fast Refresh] done in 1884ms @ webpack-internal:///(app-pages-browser)/./node_modules/next/dist/next-devtools/shared/forward-logs-shared.js:27
[  470810ms] [LOG] [Fast Refresh] rebuilding @ webpack-internal:///(app-pages-browser)/./node_modules/next/dist/next-devtools/shared/forward-logs-shared.js:27
[  471264ms] [LOG] [Fast Refresh] done in 456ms @ webpack-internal:///(app-pages-browser)/./node_modules/next/dist/next-devtools/shared/forward-logs-shared.js:27
[  474534ms] [WARNING] The resource http://localhost:3000/_next/static/css/app/layout.css?v=1784974236572 was preloaded using link preload but not used within a few seconds from the window's load event. Please make sure it has an appropriate `as` value and it is preloaded intentionally. @ http://localhost:3000/shrine/kashi-vishwanath:0
[  476174ms] [LOG] [Fast Refresh] rebuilding @ webpack-internal:///(app-pages-browser)/./node_modules/next/dist/next-devtools/shared/forward-logs-shared.js:27
[  476471ms] [LOG] [Fast Refresh] done in 296ms @ webpack-internal:///(app-pages-browser)/./node_modules/next/dist/next-devtools/shared/forward-logs-shared.js:27
[  479543ms] [LOG] [Fast Refresh] rebuilding @ webpack-internal:///(app-pages-browser)/./node_modules/next/dist/next-devtools/shared/forward-logs-shared.js:27
[  479909ms] [WARNING] The resource http://localhost:3000/_next/static/css/app/layout.css?v=1784974236572 was preloaded using link preload but not used within a few seconds from the window's load event. Please make sure it has an appropriate `as` value and it is preloaded intentionally. @ http://localhost:3000/shrine/kashi-vishwanath:0
[  481276ms] [LOG] [Fast Refresh] done in 1733ms @ webpack-internal:///(app-pages-browser)/./node_modules/next/dist/next-devtools/shared/forward-logs-shared.js:27
[  484664ms] [WARNING] The resource http://localhost:3000/_next/static/css/app/layout.css?v=1784974236572 was preloaded using link preload but not used within a few seconds from the window's load event. Please make sure it has an appropriate `as` value and it is preloaded intentionally. @ http://localhost:3000/shrine/kashi-vishwanath:0
[  484877ms] [LOG] [Fast Refresh] rebuilding @ webpack-internal:///(app-pages-browser)/./node_modules/next/dist/next-devtools/shared/forward-logs-shared.js:27
[  486166ms] [LOG] [Fast Refresh] done in 1289ms @ webpack-internal:///(app-pages-browser)/./node_modules/next/dist/next-devtools/shared/forward-logs-shared.js:27
[  490160ms] [WARNING] The resource http://localhost:3000/_next/static/css/app/layout.css?v=1784974236572 was preloaded using link preload but not used within a few seconds from the window's load event. Please make sure it has an appropriate `as` value and it is preloaded intentionally. @ http://localhost:3000/shrine/kashi-vishwanath:0
[  491454ms] [LOG] [Fast Refresh] rebuilding @ webpack-internal:///(app-pages-browser)/./node_modules/next/dist/next-devtools/shared/forward-logs-shared.js:27
[  491928ms] [LOG] [Fast Refresh] done in 473ms @ webpack-internal:///(app-pages-browser)/./node_modules/next/dist/next-devtools/shared/forward-logs-shared.js:27
[  495297ms] [WARNING] The resource http://localhost:3000/_next/static/css/app/layout.css?v=1784974236572 was preloaded using link preload but not used within a few seconds from the window's load event. Please make sure it has an appropriate `as` value and it is preloaded intentionally. @ http://localhost:3000/shrine/kashi-vishwanath:0
[  497525ms] [LOG] [Fast Refresh] rebuilding @ webpack-internal:///(app-pages-browser)/./node_modules/next/dist/next-devtools/shared/forward-logs-shared.js:27
[  501396ms] [WARNING] The resource http://localhost:3000/_next/static/css/app/layout.css?v=1784974236572 was preloaded using link preload but not used within a few seconds from the window's load event. Please make sure it has an appropriate `as` value and it is preloaded intentionally. @ http://localhost:3000/shrine/kashi-vishwanath:0
[  503310ms] [LOG] [Fast Refresh] done in 5784ms @ webpack-internal:///(app-pages-browser)/./node_modules/next/dist/next-devtools/shared/forward-logs-shared.js:27
[  509335ms] [WARNING] The resource http://localhost:3000/_next/static/css/app/layout.css?v=1784974236572 was preloaded using link preload but not used within a few seconds from the window's load event. Please make sure it has an appropriate `as` value and it is preloaded intentionally. @ http://localhost:3000/shrine/kashi-vishwanath:0
[  511848ms] [LOG] [Fast Refresh] rebuilding @ webpack-internal:///(app-pages-browser)/./node_modules/next/dist/next-devtools/shared/forward-logs-shared.js:27
[  512499ms] [LOG] [Fast Refresh] done in 651ms @ webpack-internal:///(app-pages-browser)/./node_modules/next/dist/next-devtools/shared/forward-logs-shared.js:27
[  516254ms] [LOG] [Fast Refresh] rebuilding @ webpack-internal:///(app-pages-browser)/./node_modules/next/dist/next-devtools/shared/forward-logs-shared.js:27
[  518138ms] [LOG] [Fast Refresh] done in 1883ms @ webpack-internal:///(app-pages-browser)/./node_modules/next/dist/next-devtools/shared/forward-logs-shared.js:27
[  521300ms] [LOG] [Fast Refresh] rebuilding @ webpack-internal:///(app-pages-browser)/./node_modules/next/dist/next-devtools/shared/forward-logs-shared.js:27
[  521742ms] [WARNING] The resource http://localhost:3000/_next/static/css/app/layout.css?v=1784974236572 was preloaded using link preload but not used within a few seconds from the window's load event. Please make sure it has an appropriate `as` value and it is preloaded intentionally. @ http://localhost:3000/shrine/kashi-vishwanath:0
[  523516ms] [LOG] [Fast Refresh] done in 2217ms @ webpack-internal:///(app-pages-browser)/./node_modules/next/dist/next-devtools/shared/forward-logs-shared.js:27
[  529681ms] [WARNING] The resource http://localhost:3000/_next/static/css/app/layout.css?v=1784974236572 was preloaded using link preload but not used within a few seconds from the window's load event. Please make sure it has an appropriate `as` value and it is preloaded intentionally. @ http://localhost:3000/shrine/kashi-vishwanath:0
[  531210ms] [LOG] [Fast Refresh] rebuilding @ webpack-internal:///(app-pages-browser)/./node_modules/next/dist/next-devtools/shared/forward-logs-shared.js:27
[  533613ms] [LOG] [Fast Refresh] done in 2402ms @ webpack-internal:///(app-pages-browser)/./node_modules/next/dist/next-devtools/shared/forward-logs-shared.js:27
[  536617ms] [WARNING] The resource http://localhost:3000/_next/static/css/app/layout.css?v=1784974236572 was preloaded using link preload but not used within a few seconds from the window's load event. Please make sure it has an appropriate `as` value and it is preloaded intentionally. @ http://localhost:3000/shrine/kashi-vishwanath:0
[  539676ms] [WARNING] The resource http://localhost:3000/_next/static/css/app/layout.css?v=1784974236572 was preloaded using link preload but not used within a few seconds from the window's load event. Please make sure it has an appropriate `as` value and it is preloaded intentionally. @ http://localhost:3000/shrine/kashi-vishwanath:0
[  542842ms] [LOG] [Fast Refresh] rebuilding @ webpack-internal:///(app-pages-browser)/./node_modules/next/dist/next-devtools/shared/forward-logs-shared.js:27
[  543583ms] [LOG] [Fast Refresh] done in 741ms @ webpack-internal:///(app-pages-browser)/./node_modules/next/dist/next-devtools/shared/forward-logs-shared.js:27
[  547910ms] [LOG] [Fast Refresh] rebuilding @ webpack-internal:///(app-pages-browser)/./node_modules/next/dist/next-devtools/shared/forward-logs-shared.js:27
[  548118ms] [WARNING] The resource http://localhost:3000/_next/static/css/app/layout.css?v=1784974236572 was preloaded using link preload but not used within a few seconds from the window's load event. Please make sure it has an appropriate `as` value and it is preloaded intentionally. @ http://localhost:3000/shrine/kashi-vishwanath:0
[  549399ms] [LOG] [Fast Refresh] done in 1489ms @ webpack-internal:///(app-pages-browser)/./node_modules/next/dist/next-devtools/shared/forward-logs-shared.js:27
[  550194ms] [LOG] [Fast Refresh] rebuilding @ webpack-internal:///(app-pages-browser)/./node_modules/next/dist/next-devtools/shared/forward-logs-shared.js:27
[  551139ms] [LOG] [Fast Refresh] done in 941ms @ webpack-internal:///(app-pages-browser)/./node_modules/next/dist/next-devtools/shared/forward-logs-shared.js:27
[  552309ms] [LOG] [Fast Refresh] rebuilding @ webpack-internal:///(app-pages-browser)/./node_modules/next/dist/next-devtools/shared/forward-logs-shared.js:27
[  558663ms] [LOG] [Fast Refresh] done in 6302ms @ webpack-internal:///(app-pages-browser)/./node_modules/next/dist/next-devtools/shared/forward-logs-shared.js:27
[  558767ms] [LOG] [Fast Refresh] rebuilding @ webpack-internal:///(app-pages-browser)/./node_modules/next/dist/next-devtools/shared/forward-logs-shared.js:27
[  558767ms] [WARNING] The resource http://localhost:3000/_next/static/css/app/layout.css?v=1784974621741 was preloaded using link preload but not used within a few seconds from the window's load event. Please make sure it has an appropriate `as` value and it is preloaded intentionally. @ http://localhost:3000/shrine/kashi-vishwanath:0
[  558767ms] [WARNING] The resource http://localhost:3000/_next/static/css/app/layout.css?v=1784974236572 was preloaded using link preload but not used within a few seconds from the window's load event. Please make sure it has an appropriate `as` value and it is preloaded intentionally. @ http://localhost:3000/shrine/kashi-vishwanath:0
[  558767ms] [WARNING] The resource http://localhost:3000/_next/static/css/app/layout.css?v=1784974624078 was preloaded using link preload but not used within a few seconds from the window's load event. Please make sure it has an appropriate `as` value and it is preloaded intentionally. @ http://localhost:3000/shrine/kashi-vishwanath:0
[  561868ms] [LOG] [Fast Refresh] done in 3100ms @ webpack-internal:///(app-pages-browser)/./node_modules/next/dist/next-devtools/shared/forward-logs-shared.js:27
[  562281ms] [LOG] [Fast Refresh] rebuilding @ webpack-internal:///(app-pages-browser)/./node_modules/next/dist/next-devtools/shared/forward-logs-shared.js:27
[  562297ms] [LOG] [Fast Refresh] done in 15ms @ webpack-internal:///(app-pages-browser)/./node_modules/next/dist/next-devtools/shared/forward-logs-shared.js:27
[  562298ms] [LOG] [Fast Refresh] rebuilding @ webpack-internal:///(app-pages-browser)/./node_modules/next/dist/next-devtools/shared/forward-logs-shared.js:27
[  566494ms] [WARNING] The resource http://localhost:3000/_next/static/css/app/layout.css?v=1784974621741 was preloaded using link preload but not used within a few seconds from the window's load event. Please make sure it has an appropriate `as` value and it is preloaded intentionally. @ http://localhost:3000/shrine/kashi-vishwanath:0
[  566494ms] [WARNING] The resource http://localhost:3000/_next/static/css/app/layout.css?v=1784974236572 was preloaded using link preload but not used within a few seconds from the window's load event. Please make sure it has an appropriate `as` value and it is preloaded intentionally. @ http://localhost:3000/shrine/kashi-vishwanath:0
[  566520ms] [WARNING] The resource http://localhost:3000/_next/static/css/app/layout.css?v=1784974629439 was preloaded using link preload but not used within a few seconds from the window's load event. Please make sure it has an appropriate `as` value and it is preloaded intentionally. @ http://localhost:3000/shrine/kashi-vishwanath:0
[  566523ms] [WARNING] The resource http://localhost:3000/_next/static/css/app/layout.css?v=1784974624078 was preloaded using link preload but not used within a few seconds from the window's load event. Please make sure it has an appropriate `as` value and it is preloaded intentionally. @ http://localhost:3000/shrine/kashi-vishwanath:0
[  610407ms] [LOG] [Fast Refresh] done in 48109ms @ webpack-internal:///(app-pages-browser)/./node_modules/next/dist/next-devtools/shared/forward-logs-shared.js:27
[  610475ms] [LOG] [Fast Refresh] rebuilding @ webpack-internal:///(app-pages-browser)/./node_modules/next/dist/next-devtools/shared/forward-logs-shared.js:27
[  610476ms] [LOG] [Fast Refresh] done in 2ms @ webpack-internal:///(app-pages-browser)/./node_modules/next/dist/next-devtools/shared/forward-logs-shared.js:27
[  610643ms] [LOG] [Fast Refresh] rebuilding @ webpack-internal:///(app-pages-browser)/./node_modules/next/dist/next-devtools/shared/forward-logs-shared.js:27
[  610658ms] [LOG] [Fast Refresh] done in 14ms @ webpack-internal:///(app-pages-browser)/./node_modules/next/dist/next-devtools/shared/forward-logs-shared.js:27
[  610714ms] [LOG] [Fast Refresh] rebuilding @ webpack-internal:///(app-pages-browser)/./node_modules/next/dist/next-devtools/shared/forward-logs-shared.js:27
[  612263ms] [LOG] [Fast Refresh] done in 1550ms @ webpack-internal:///(app-pages-browser)/./node_modules/next/dist/next-devtools/shared/forward-logs-shared.js:27
[  612284ms] [LOG] [Fast Refresh] rebuilding @ webpack-internal:///(app-pages-browser)/./node_modules/next/dist/next-devtools/shared/forward-logs-shared.js:27
[  614269ms] [LOG] [Fast Refresh] done in 1987ms @ webpack-internal:///(app-pages-browser)/./node_modules/next/dist/next-devtools/shared/forward-logs-shared.js:27
[  614272ms] [LOG] [Fast Refresh] rebuilding @ webpack-internal:///(app-pages-browser)/./node_modules/next/dist/next-devtools/shared/forward-logs-shared.js:27
[  615024ms] [LOG] [Fast Refresh] done in 752ms @ webpack-internal:///(app-pages-browser)/./node_modules/next/dist/next-devtools/shared/forward-logs-shared.js:27
[  615040ms] [LOG] [Fast Refresh] rebuilding @ webpack-internal:///(app-pages-browser)/./node_modules/next/dist/next-devtools/shared/forward-logs-shared.js:27
[  616277ms] [LOG] [Fast Refresh] done in 1238ms @ webpack-internal:///(app-pages-browser)/./node_modules/next/dist/next-devtools/shared/forward-logs-shared.js:27
[  616283ms] [LOG] [Fast Refresh] rebuilding @ webpack-internal:///(app-pages-browser)/./node_modules/next/dist/next-devtools/shared/forward-logs-shared.js:27
[  617182ms] [LOG] [Fast Refresh] done in 898ms @ webpack-internal:///(app-pages-browser)/./node_modules/next/dist/next-devtools/shared/forward-logs-shared.js:27
[  617300ms] [LOG] [Fast Refresh] rebuilding @ webpack-internal:///(app-pages-browser)/./node_modules/next/dist/next-devtools/shared/forward-logs-shared.js:27
[  618120ms] [LOG] [Fast Refresh] done in 821ms @ webpack-internal:///(app-pages-browser)/./node_modules/next/dist/next-devtools/shared/forward-logs-shared.js:27
[  618748ms] [LOG] [Fast Refresh] rebuilding @ webpack-internal:///(app-pages-browser)/./node_modules/next/dist/next-devtools/shared/forward-logs-shared.js:27
[  622271ms] [LOG] [Fast Refresh] done in 3526ms @ webpack-internal:///(app-pages-browser)/./node_modules/next/dist/next-devtools/shared/forward-logs-shared.js:27
[  622285ms] [LOG] [Fast Refresh] rebuilding @ webpack-internal:///(app-pages-browser)/./node_modules/next/dist/next-devtools/shared/forward-logs-shared.js:27
[  622319ms] [LOG] [Fast Refresh] done in 30ms @ webpack-internal:///(app-pages-browser)/./node_modules/next/dist/next-devtools/shared/forward-logs-shared.js:27
[  622797ms] [LOG] [Fast Refresh] rebuilding @ webpack-internal:///(app-pages-browser)/./node_modules/next/dist/next-devtools/shared/forward-logs-shared.js:27
[  624100ms] [LOG] [Fast Refresh] done in 1304ms @ webpack-internal:///(app-pages-browser)/./node_modules/next/dist/next-devtools/shared/forward-logs-shared.js:27
[  624103ms] [LOG] [Fast Refresh] rebuilding @ webpack-internal:///(app-pages-browser)/./node_modules/next/dist/next-devtools/shared/forward-logs-shared.js:27
[  625699ms] [LOG] [Fast Refresh] done in 1597ms @ webpack-internal:///(app-pages-browser)/./node_modules/next/dist/next-devtools/shared/forward-logs-shared.js:27
[  625719ms] [LOG] [Fast Refresh] rebuilding @ webpack-internal:///(app-pages-browser)/./node_modules/next/dist/next-devtools/shared/forward-logs-shared.js:27
[  626575ms] [LOG] [Fast Refresh] done in 856ms @ webpack-internal:///(app-pages-browser)/./node_modules/next/dist/next-devtools/shared/forward-logs-shared.js:27
[  626582ms] [LOG] [Fast Refresh] rebuilding @ webpack-internal:///(app-pages-browser)/./node_modules/next/dist/next-devtools/shared/forward-logs-shared.js:27
[  628512ms] [LOG] [Fast Refresh] done in 1930ms @ webpack-internal:///(app-pages-browser)/./node_modules/next/dist/next-devtools/shared/forward-logs-shared.js:27
[  628516ms] [LOG] [Fast Refresh] rebuilding @ webpack-internal:///(app-pages-browser)/./node_modules/next/dist/next-devtools/shared/forward-logs-shared.js:27
[  630693ms] [LOG] [Fast Refresh] done in 2178ms @ webpack-internal:///(app-pages-browser)/./node_modules/next/dist/next-devtools/shared/forward-logs-shared.js:27
[  630693ms] [LOG] [Fast Refresh] rebuilding @ webpack-internal:///(app-pages-browser)/./node_modules/next/dist/next-devtools/shared/forward-logs-shared.js:27
[  630708ms] [LOG] [Fast Refresh] done in 14ms @ webpack-internal:///(app-pages-browser)/./node_modules/next/dist/next-devtools/shared/forward-logs-shared.js:27
[  631542ms] [LOG] [Fast Refresh] rebuilding @ webpack-internal:///(app-pages-browser)/./node_modules/next/dist/next-devtools/shared/forward-logs-shared.js:27
[  633176ms] [LOG] [Fast Refresh] done in 1635ms @ webpack-internal:///(app-pages-browser)/./node_modules/next/dist/next-devtools/shared/forward-logs-shared.js:27
[  633189ms] [LOG] [Fast Refresh] rebuilding @ webpack-internal:///(app-pages-browser)/./node_modules/next/dist/next-devtools/shared/forward-logs-shared.js:27
[  635012ms] [LOG] [Fast Refresh] done in 1823ms @ webpack-internal:///(app-pages-browser)/./node_modules/next/dist/next-devtools/shared/forward-logs-shared.js:27
[  635022ms] [LOG] [Fast Refresh] rebuilding @ webpack-internal:///(app-pages-browser)/./node_modules/next/dist/next-devtools/shared/forward-logs-shared.js:27
[  636295ms] [WARNING] The resource http://localhost:3000/_next/static/css/app/layout.css?v=1784974702216 was preloaded using link preload but not used within a few seconds from the window's load event. Please make sure it has an appropriate `as` value and it is preloaded intentionally. @ http://localhost:3000/shrine/kashi-vishwanath:0
[  636749ms] [WARNING] The resource http://localhost:3000/_next/static/css/app/layout.css?v=1784974703163 was preloaded using link preload but not used within a few seconds from the window's load event. Please make sure it has an appropriate `as` value and it is preloaded intentionally. @ http://localhost:3000/shrine/kashi-vishwanath:0
[  636749ms] [WARNING] The resource http://localhost:3000/_next/static/css/app/layout.css?v=1784974646342 was preloaded using link preload but not used within a few seconds from the window's load event. Please make sure it has an appropriate `as` value and it is preloaded intentionally. @ http://localhost:3000/shrine/kashi-vishwanath:0
[  636749ms] [WARNING] The resource http://localhost:3000/_next/static/css/app/layout.css?v=1784974236572 was preloaded using link preload but not used within a few seconds from the window's load event. Please make sure it has an appropriate `as` value and it is preloaded intentionally. @ http://localhost:3000/shrine/kashi-vishwanath:0
[  637638ms] [WARNING] The resource http://localhost:3000/_next/static/css/app/layout.css?v=1784974705347 was preloaded using link preload but not used within a few seconds from the window's load event. Please make sure it has an appropriate `as` value and it is preloaded intentionally. @ http://localhost:3000/shrine/kashi-vishwanath:0
[  637639ms] [WARNING] The resource http://localhost:3000/_next/static/css/app/layout.css?v=1784974621741 was preloaded using link preload but not used within a few seconds from the window's load event. Please make sure it has an appropriate `as` value and it is preloaded intentionally. @ http://localhost:3000/shrine/kashi-vishwanath:0
[  637639ms] [WARNING] The resource http://localhost:3000/_next/static/css/app/layout.css?v=1784974690984 was preloaded using link preload but not used within a few seconds from the window's load event. Please make sure it has an appropriate `as` value and it is preloaded intentionally. @ http://localhost:3000/shrine/kashi-vishwanath:0
[  637639ms] [WARNING] The resource http://localhost:3000/_next/static/css/app/layout.css?v=1784974694335 was preloaded using link preload but not used within a few seconds from the window's load event. Please make sure it has an appropriate `as` value and it is preloaded intentionally. @ http://localhost:3000/shrine/kashi-vishwanath:0
[  637639ms] [WARNING] The resource http://localhost:3000/_next/static/css/app/layout.css?v=1784974682124 was preloaded using link preload but not used within a few seconds from the window's load event. Please make sure it has an appropriate `as` value and it is preloaded intentionally. @ http://localhost:3000/shrine/kashi-vishwanath:0
[  637639ms] [WARNING] The resource http://localhost:3000/_next/static/css/app/layout.css?v=1784974702776 was preloaded using link preload but not used within a few seconds from the window's load event. Please make sure it has an appropriate `as` value and it is preloaded intentionally. @ http://localhost:3000/shrine/kashi-vishwanath:0
[  637773ms] [WARNING] The resource http://localhost:3000/_next/static/css/app/layout.css?v=1784974684834 was preloaded using link preload but not used within a few seconds from the window's load event. Please make sure it has an appropriate `as` value and it is preloaded intentionally. @ http://localhost:3000/shrine/kashi-vishwanath:0
[  637774ms] [WARNING] The resource http://localhost:3000/_next/static/css/app/layout.css?v=1784974624078 was preloaded using link preload but not used within a few seconds from the window's load event. Please make sure it has an appropriate `as` value and it is preloaded intentionally. @ http://localhost:3000/shrine/kashi-vishwanath:0
[  637777ms] [WARNING] The resource http://localhost:3000/_next/static/css/app/layout.css?v=1784974682287 was preloaded using link preload but not used within a few seconds from the window's load event. Please make sure it has an appropriate `as` value and it is preloaded intentionally. @ http://localhost:3000/shrine/kashi-vishwanath:0
[  637957ms] [WARNING] The resource http://localhost:3000/_next/static/css/app/layout.css?v=1784974695697 was preloaded using link preload but not used within a few seconds from the window's load event. Please make sure it has an appropriate `as` value and it is preloaded intentionally. @ http://localhost:3000/shrine/kashi-vishwanath:0
[  637957ms] [WARNING] The resource http://localhost:3000/_next/static/css/app/layout.css?v=1784974693834 was preloaded using link preload but not used within a few seconds from the window's load event. Please make sure it has an appropriate `as` value and it is preloaded intentionally. @ http://localhost:3000/shrine/kashi-vishwanath:0
[  638091ms] [WARNING] The resource http://localhost:3000/_next/static/css/app/layout.css?v=1784974685827 was preloaded using link preload but not used within a few seconds from the window's load event. Please make sure it has an appropriate `as` value and it is preloaded intentionally. @ http://localhost:3000/shrine/kashi-vishwanath:0
[  638121ms] [WARNING] The resource http://localhost:3000/_next/static/css/app/layout.css?v=1784974686587 was preloaded using link preload but not used within a few seconds from the window's load event. Please make sure it has an appropriate `as` value and it is preloaded intentionally. @ http://localhost:3000/shrine/kashi-vishwanath:0
[  638121ms] [WARNING] The resource http://localhost:3000/_next/static/css/app/layout.css?v=1784974629439 was preloaded using link preload but not used within a few seconds from the window's load event. Please make sure it has an appropriate `as` value and it is preloaded intentionally. @ http://localhost:3000/shrine/kashi-vishwanath:0
[  638121ms] [WARNING] The resource http://localhost:3000/_next/static/css/app/layout.css?v=1784974635394 was preloaded using link preload but not used within a few seconds from the window's load event. Please make sure it has an appropriate `as` value and it is preloaded intentionally. @ http://localhost:3000/shrine/kashi-vishwanath:0
[  638121ms] [WARNING] The resource http://localhost:3000/_next/static/css/app/layout.css?v=1784974687818 was preloaded using link preload but not used within a few seconds from the window's load event. Please make sure it has an appropriate `as` value and it is preloaded intentionally. @ http://localhost:3000/shrine/kashi-vishwanath:0
[  638121ms] [WARNING] The resource http://localhost:3000/_next/static/css/app/layout.css?v=1784974697448 was preloaded using link preload but not used within a few seconds from the window's load event. Please make sure it has an appropriate `as` value and it is preloaded intentionally. @ http://localhost:3000/shrine/kashi-vishwanath:0
[  638121ms] [WARNING] The resource http://localhost:3000/_next/static/css/app/layout.css?v=1784974698143 was preloaded using link preload but not used within a few seconds from the window's load event. Please make sure it has an appropriate `as` value and it is preloaded intentionally. @ http://localhost:3000/shrine/kashi-vishwanath:0
[  638493ms] [LOG] [Fast Refresh] done in 3471ms @ webpack-internal:///(app-pages-browser)/./node_modules/next/dist/next-devtools/shared/forward-logs-shared.js:27
[  638504ms] [LOG] [Fast Refresh] rebuilding @ webpack-internal:///(app-pages-browser)/./node_modules/next/dist/next-devtools/shared/forward-logs-shared.js:27
[  644680ms] [LOG] [Fast Refresh] done in 6176ms @ webpack-internal:///(app-pages-browser)/./node_modules/next/dist/next-devtools/shared/forward-logs-shared.js:27
[  644703ms] [LOG] [Fast Refresh] rebuilding @ webpack-internal:///(app-pages-browser)/./node_modules/next/dist/next-devtools/shared/forward-logs-shared.js:27
[  644753ms] [WARNING] The resource http://localhost:3000/_next/static/css/app/layout.css?v=1784974702216 was preloaded using link preload but not used within a few seconds from the window's load event. Please make sure it has an appropriate `as` value and it is preloaded intentionally. @ http://localhost:3000/shrine/kashi-vishwanath:0
[  644753ms] [WARNING] The resource http://localhost:3000/_next/static/css/app/layout.css?v=1784974703163 was preloaded using link preload but not used within a few seconds from the window's load event. Please make sure it has an appropriate `as` value and it is preloaded intentionally. @ http://localhost:3000/shrine/kashi-vishwanath:0
[  644753ms] [WARNING] The resource http://localhost:3000/_next/static/css/app/layout.css?v=1784974646342 was preloaded using link preload but not used within a few seconds from the window's load event. Please make sure it has an appropriate `as` value and it is preloaded intentionally. @ http://localhost:3000/shrine/kashi-vishwanath:0
[  644753ms] [WARNING] The resource http://localhost:3000/_next/static/css/app/layout.css?v=1784974236572 was preloaded using link preload but not used within a few seconds from the window's load event. Please make sure it has an appropriate `as` value and it is preloaded intentionally. @ http://localhost:3000/shrine/kashi-vishwanath:0
[  644753ms] [WARNING] The resource http://localhost:3000/_next/static/css/app/layout.css?v=1784974705347 was preloaded using link preload but not used within a few seconds from the window's load event. Please make sure it has an appropriate `as` value and it is preloaded intentionally. @ http://localhost:3000/shrine/kashi-vishwanath:0
[  644753ms] [WARNING] The resource http://localhost:3000/_next/static/css/app/layout.css?v=1784974621741 was preloaded using link preload but not used within a few seconds from the window's load event. Please make sure it has an appropriate `as` value and it is preloaded intentionally. @ http://localhost:3000/shrine/kashi-vishwanath:0
[  644753ms] [WARNING] The resource http://localhost:3000/_next/static/css/app/layout.css?v=1784974690984 was preloaded using link preload but not used within a few seconds from the window's load event. Please make sure it has an appropriate `as` value and it is preloaded intentionally. @ http://localhost:3000/shrine/kashi-vishwanath:0
[  644753ms] [WARNING] The resource http://localhost:3000/_next/static/css/app/layout.css?v=1784974694335 was preloaded using link preload but not used within a few seconds from the window's load event. Please make sure it has an appropriate `as` value and it is preloaded intentionally. @ http://localhost:3000/shrine/kashi-vishwanath:0
[  644753ms] [WARNING] The resource http://localhost:3000/_next/static/css/app/layout.css?v=1784974707850 was preloaded using link preload but not used within a few seconds from the window's load event. Please make sure it has an appropriate `as` value and it is preloaded intentionally. @ http://localhost:3000/shrine/kashi-vishwanath:0
[  644753ms] [WARNING] The resource http://localhost:3000/_next/static/css/app/layout.css?v=1784974682124 was preloaded using link preload but not used within a few seconds from the window's load event. Please make sure it has an appropriate `as` value and it is preloaded intentionally. @ http://localhost:3000/shrine/kashi-vishwanath:0
[  644920ms] [WARNING] The resource http://localhost:3000/_next/static/css/app/layout.css?v=1784974702776 was preloaded using link preload but not used within a few seconds from the window's load event. Please make sure it has an appropriate `as` value and it is preloaded intentionally. @ http://localhost:3000/shrine/kashi-vishwanath:0
[  644937ms] [WARNING] The resource http://localhost:3000/_next/static/css/app/layout.css?v=1784974684834 was preloaded using link preload but not used within a few seconds from the window's load event. Please make sure it has an appropriate `as` value and it is preloaded intentionally. @ http://localhost:3000/shrine/kashi-vishwanath:0
[  644943ms] [WARNING] The resource http://localhost:3000/_next/static/css/app/layout.css?v=1784974624078 was preloaded using link preload but not used within a few seconds from the window's load event. Please make sure it has an appropriate `as` value and it is preloaded intentionally. @ http://localhost:3000/shrine/kashi-vishwanath:0
[  644943ms] [WARNING] The resource http://localhost:3000/_next/static/css/app/layout.css?v=1784974682287 was preloaded using link preload but not used within a few seconds from the window's load event. Please make sure it has an appropriate `as` value and it is preloaded intentionally. @ http://localhost:3000/shrine/kashi-vishwanath:0
[  644943ms] [WARNING] The resource http://localhost:3000/_next/static/css/app/layout.css?v=1784974695697 was preloaded using link preload but not used within a few seconds from the window's load event. Please make sure it has an appropriate `as` value and it is preloaded intentionally. @ http://localhost:3000/shrine/kashi-vishwanath:0
[  644943ms] [WARNING] The resource http://localhost:3000/_next/static/css/app/layout.css?v=1784974693834 was preloaded using link preload but not used within a few seconds from the window's load event. Please make sure it has an appropriate `as` value and it is preloaded intentionally. @ http://localhost:3000/shrine/kashi-vishwanath:0
[  644944ms] [WARNING] The resource http://localhost:3000/_next/static/css/app/layout.css?v=1784974685827 was preloaded using link preload but not used within a few seconds from the window's load event. Please make sure it has an appropriate `as` value and it is preloaded intentionally. @ http://localhost:3000/shrine/kashi-vishwanath:0
[  644944ms] [WARNING] The resource http://localhost:3000/_next/static/css/app/layout.css?v=1784974711229 was preloaded using link preload but not used within a few seconds from the window's load event. Please make sure it has an appropriate `as` value and it is preloaded intentionally. @ http://localhost:3000/shrine/kashi-vishwanath:0
[  644944ms] [WARNING] The resource http://localhost:3000/_next/static/css/app/layout.css?v=1784974686587 was preloaded using link preload but not used within a few seconds from the window's load event. Please make sure it has an appropriate `as` value and it is preloaded intentionally. @ http://localhost:3000/shrine/kashi-vishwanath:0
[  644944ms] [WARNING] The resource http://localhost:3000/_next/static/css/app/layout.css?v=1784974629439 was preloaded using link preload but not used within a few seconds from the window's load event. Please make sure it has an appropriate `as` value and it is preloaded intentionally. @ http://localhost:3000/shrine/kashi-vishwanath:0
[  644944ms] [WARNING] The resource http://localhost:3000/_next/static/css/app/layout.css?v=1784974635394 was preloaded using link preload but not used within a few seconds from the window's load event. Please make sure it has an appropriate `as` value and it is preloaded intentionally. @ http://localhost:3000/shrine/kashi-vishwanath:0
[  644944ms] [WARNING] The resource http://localhost:3000/_next/static/css/app/layout.css?v=1784974687818 was preloaded using link preload but not used within a few seconds from the window's load event. Please make sure it has an appropriate `as` value and it is preloaded intentionally. @ http://localhost:3000/shrine/kashi-vishwanath:0
[  644944ms] [WARNING] The resource http://localhost:3000/_next/static/css/app/layout.css?v=1784974697448 was preloaded using link preload but not used within a few seconds from the window's load event. Please make sure it has an appropriate `as` value and it is preloaded intentionally. @ http://localhost:3000/shrine/kashi-vishwanath:0
[  644944ms] [WARNING] The resource http://localhost:3000/_next/static/css/app/layout.css?v=1784974698143 was preloaded using link preload but not used within a few seconds from the window's load event. Please make sure it has an appropriate `as` value and it is preloaded intentionally. @ http://localhost:3000/shrine/kashi-vishwanath:0
[  667750ms] [WARNING] The resource http://localhost:3000/_next/static/css/app/layout.css?v=1784974702216 was preloaded using link preload but not used within a few seconds from the window's load event. Please make sure it has an appropriate `as` value and it is preloaded intentionally. @ http://localhost:3000/shrine/kashi-vishwanath:0
[  667890ms] [WARNING] The resource http://localhost:3000/_next/static/css/app/layout.css?v=1784974703163 was preloaded using link preload but not used within a few seconds from the window's load event. Please make sure it has an appropriate `as` value and it is preloaded intentionally. @ http://localhost:3000/shrine/kashi-vishwanath:0
[  667890ms] [WARNING] The resource http://localhost:3000/_next/static/css/app/layout.css?v=1784974646342 was preloaded using link preload but not used within a few seconds from the window's load event. Please make sure it has an appropriate `as` value and it is preloaded intentionally. @ http://localhost:3000/shrine/kashi-vishwanath:0
[  667890ms] [WARNING] The resource http://localhost:3000/_next/static/css/app/layout.css?v=1784974236572 was preloaded using link preload but not used within a few seconds from the window's load event. Please make sure it has an appropriate `as` value and it is preloaded intentionally. @ http://localhost:3000/shrine/kashi-vishwanath:0
[  667922ms] [WARNING] The resource http://localhost:3000/_next/static/css/app/layout.css?v=1784974705347 was preloaded using link preload but not used within a few seconds from the window's load event. Please make sure it has an appropriate `as` value and it is preloaded intentionally. @ http://localhost:3000/shrine/kashi-vishwanath:0
[  667923ms] [WARNING] The resource http://localhost:3000/_next/static/css/app/layout.css?v=1784974621741 was preloaded using link preload but not used within a few seconds from the window's load event. Please make sure it has an appropriate `as` value and it is preloaded intentionally. @ http://localhost:3000/shrine/kashi-vishwanath:0
[  667923ms] [WARNING] The resource http://localhost:3000/_next/static/css/app/layout.css?v=1784974690984 was preloaded using link preload but not used within a few seconds from the window's load event. Please make sure it has an appropriate `as` value and it is preloaded intentionally. @ http://localhost:3000/shrine/kashi-vishwanath:0
[  667923ms] [WARNING] The resource http://localhost:3000/_next/static/css/app/layout.css?v=1784974694335 was preloaded using link preload but not used within a few seconds from the window's load event. Please make sure it has an appropriate `as` value and it is preloaded intentionally. @ http://localhost:3000/shrine/kashi-vishwanath:0
[  667923ms] [WARNING] The resource http://localhost:3000/_next/static/css/app/layout.css?v=1784974707850 was preloaded using link preload but not used within a few seconds from the window's load event. Please make sure it has an appropriate `as` value and it is preloaded intentionally. @ http://localhost:3000/shrine/kashi-vishwanath:0
[  667923ms] [WARNING] The resource http://localhost:3000/_next/static/css/app/layout.css?v=1784974682124 was preloaded using link preload but not used within a few seconds from the window's load event. Please make sure it has an appropriate `as` value and it is preloaded intentionally. @ http://localhost:3000/shrine/kashi-vishwanath:0
[  667923ms] [WARNING] The resource http://localhost:3000/_next/static/css/app/layout.css?v=1784974702776 was preloaded using link preload but not used within a few seconds from the window's load event. Please make sure it has an appropriate `as` value and it is preloaded intentionally. @ http://localhost:3000/shrine/kashi-vishwanath:0
[  667923ms] [WARNING] The resource http://localhost:3000/_next/static/css/app/layout.css?v=1784974684834 was preloaded using link preload but not used within a few seconds from the window's load event. Please make sure it has an appropriate `as` value and it is preloaded intentionally. @ http://localhost:3000/shrine/kashi-vishwanath:0
[  667923ms] [WARNING] The resource http://localhost:3000/_next/static/css/app/layout.css?v=1784974624078 was preloaded using link preload but not used within a few seconds from the window's load event. Please make sure it has an appropriate `as` value and it is preloaded intentionally. @ http://localhost:3000/shrine/kashi-vishwanath:0
[  668237ms] [WARNING] The resource http://localhost:3000/_next/static/css/app/layout.css?v=1784974682287 was preloaded using link preload but not used within a few seconds from the window's load event. Please make sure it has an appropriate `as` value and it is preloaded intentionally. @ http://localhost:3000/shrine/kashi-vishwanath:0
[  668237ms] [WARNING] The resource http://localhost:3000/_next/static/css/app/layout.css?v=1784974695697 was preloaded using link preload but not used within a few seconds from the window's load event. Please make sure it has an appropriate `as` value and it is preloaded intentionally. @ http://localhost:3000/shrine/kashi-vishwanath:0
[  668237ms] [WARNING] The resource http://localhost:3000/_next/static/css/app/layout.css?v=1784974693834 was preloaded using link preload but not used within a few seconds from the window's load event. Please make sure it has an appropriate `as` value and it is preloaded intentionally. @ http://localhost:3000/shrine/kashi-vishwanath:0
[  668237ms] [WARNING] The resource http://localhost:3000/_next/static/css/app/layout.css?v=1784974685827 was preloaded using link preload but not used within a few seconds from the window's load event. Please make sure it has an appropriate `as` value and it is preloaded intentionally. @ http://localhost:3000/shrine/kashi-vishwanath:0
[  668243ms] [WARNING] The resource http://localhost:3000/_next/static/css/app/layout.css?v=1784974711229 was preloaded using link preload but not used within a few seconds from the window's load event. Please make sure it has an appropriate `as` value and it is preloaded intentionally. @ http://localhost:3000/shrine/kashi-vishwanath:0
[  668243ms] [WARNING] The resource http://localhost:3000/_next/static/css/app/layout.css?v=1784974686587 was preloaded using link preload but not used within a few seconds from the window's load event. Please make sure it has an appropriate `as` value and it is preloaded intentionally. @ http://localhost:3000/shrine/kashi-vishwanath:0
[  668243ms] [WARNING] The resource http://localhost:3000/_next/static/css/app/layout.css?v=1784974629439 was preloaded using link preload but not used within a few seconds from the window's load event. Please make sure it has an appropriate `as` value and it is preloaded intentionally. @ http://localhost:3000/shrine/kashi-vishwanath:0
[  668243ms] [WARNING] The resource http://localhost:3000/_next/static/css/app/layout.css?v=1784974635394 was preloaded using link preload but not used within a few seconds from the window's load event. Please make sure it has an appropriate `as` value and it is preloaded intentionally. @ http://localhost:3000/shrine/kashi-vishwanath:0
[  668243ms] [WARNING] The resource http://localhost:3000/_next/static/css/app/layout.css?v=1784974687818 was preloaded using link preload but not used within a few seconds from the window's load event. Please make sure it has an appropriate `as` value and it is preloaded intentionally. @ http://localhost:3000/shrine/kashi-vishwanath:0
[  668244ms] [WARNING] The resource http://localhost:3000/_next/static/css/app/layout.css?v=1784974697448 was preloaded using link preload but not used within a few seconds from the window's load event. Please make sure it has an appropriate `as` value and it is preloaded intentionally. @ http://localhost:3000/shrine/kashi-vishwanath:0
[  668245ms] [WARNING] The resource http://localhost:3000/_next/static/css/app/layout.css?v=1784974698143 was preloaded using link preload but not used within a few seconds from the window's load event. Please make sure it has an appropriate `as` value and it is preloaded intentionally. @ http://localhost:3000/shrine/kashi-vishwanath:0
[  669904ms] [LOG] [Fast Refresh] done in 25207ms @ webpack-internal:///(app-pages-browser)/./node_modules/next/dist/next-devtools/shared/forward-logs-shared.js:27
[  669939ms] [LOG] [Fast Refresh] rebuilding @ webpack-internal:///(app-pages-browser)/./node_modules/next/dist/next-devtools/shared/forward-logs-shared.js:27
[  669956ms] [LOG] [Fast Refresh] done in 17ms @ webpack-internal:///(app-pages-browser)/./node_modules/next/dist/next-devtools/shared/forward-logs-shared.js:27
[  675219ms] [WARNING] The resource http://localhost:3000/_next/static/css/app/layout.css?v=1784974702216 was preloaded using link preload but not used within a few seconds from the window's load event. Please make sure it has an appropriate `as` value and it is preloaded intentionally. @ http://localhost:3000/shrine/kashi-vishwanath:0
[  675219ms] [WARNING] The resource http://localhost:3000/_next/static/css/app/layout.css?v=1784974703163 was preloaded using link preload but not used within a few seconds from the window's load event. Please make sure it has an appropriate `as` value and it is preloaded intentionally. @ http://localhost:3000/shrine/kashi-vishwanath:0
[  675219ms] [WARNING] The resource http://localhost:3000/_next/static/css/app/layout.css?v=1784974646342 was preloaded using link preload but not used within a few seconds from the window's load event. Please make sure it has an appropriate `as` value and it is preloaded intentionally. @ http://localhost:3000/shrine/kashi-vishwanath:0
[  675219ms] [WARNING] The resource http://localhost:3000/_next/static/css/app/layout.css?v=1784974236572 was preloaded using link preload but not used within a few seconds from the window's load event. Please make sure it has an appropriate `as` value and it is preloaded intentionally. @ http://localhost:3000/shrine/kashi-vishwanath:0
[  675219ms] [WARNING] The resource http://localhost:3000/_next/static/css/app/layout.css?v=1784974705347 was preloaded using link preload but not used within a few seconds from the window's load event. Please make sure it has an appropriate `as` value and it is preloaded intentionally. @ http://localhost:3000/shrine/kashi-vishwanath:0
[  675219ms] [WARNING] The resource http://localhost:3000/_next/static/css/app/layout.css?v=1784974621741 was preloaded using link preload but not used within a few seconds from the window's load event. Please make sure it has an appropriate `as` value and it is preloaded intentionally. @ http://localhost:3000/shrine/kashi-vishwanath:0
[  675219ms] [WARNING] The resource http://localhost:3000/_next/static/css/app/layout.css?v=1784974719840 was preloaded using link preload but not used within a few seconds from the window's load event. Please make sure it has an appropriate `as` value and it is preloaded intentionally. @ http://localhost:3000/shrine/kashi-vishwanath:0
[  675219ms] [WARNING] The resource http://localhost:3000/_next/static/css/app/layout.css?v=1784974690984 was preloaded using link preload but not used within a few seconds from the window's load event. Please make sure it has an appropriate `as` value and it is preloaded intentionally. @ http://localhost:3000/shrine/kashi-vishwanath:0
[  675219ms] [WARNING] The resource http://localhost:3000/_next/static/css/app/layout.css?v=1784974694335 was preloaded using link preload but not used within a few seconds from the window's load event. Please make sure it has an appropriate `as` value and it is preloaded intentionally. @ http://localhost:3000/shrine/kashi-vishwanath:0
[  675219ms] [WARNING] The resource http://localhost:3000/_next/static/css/app/layout.css?v=1784974707850 was preloaded using link preload but not used within a few seconds from the window's load event. Please make sure it has an appropriate `as` value and it is preloaded intentionally. @ http://localhost:3000/shrine/kashi-vishwanath:0
[  675219ms] [WARNING] The resource http://localhost:3000/_next/static/css/app/layout.css?v=1784974682124 was preloaded using link preload but not used within a few seconds from the window's load event. Please make sure it has an appropriate `as` value and it is preloaded intentionally. @ http://localhost:3000/shrine/kashi-vishwanath:0
[  675219ms] [WARNING] The resource http://localhost:3000/_next/static/css/app/layout.css?v=1784974702776 was preloaded using link preload but not used within a few seconds from the window's load event. Please make sure it has an appropriate `as` value and it is preloaded intentionally. @ http://localhost:3000/shrine/kashi-vishwanath:0
[  675219ms] [WARNING] The resource http://localhost:3000/_next/static/css/app/layout.css?v=1784974684834 was preloaded using link preload but not used within a few seconds from the window's load event. Please make sure it has an appropriate `as` value and it is preloaded intentionally. @ http://localhost:3000/shrine/kashi-vishwanath:0
[  675219ms] [WARNING] The resource http://localhost:3000/_next/static/css/app/layout.css?v=1784974624078 was preloaded using link preload but not used within a few seconds from the window's load event. Please make sure it has an appropriate `as` value and it is preloaded intentionally. @ http://localhost:3000/shrine/kashi-vishwanath:0
[  675219ms] [WARNING] The resource http://localhost:3000/_next/static/css/app/layout.css?v=1784974682287 was preloaded using link preload but not used within a few seconds from the window's load event. Please make sure it has an appropriate `as` value and it is preloaded intentionally. @ http://localhost:3000/shrine/kashi-vishwanath:0
[  675219ms] [WARNING] The resource http://localhost:3000/_next/static/css/app/layout.css?v=1784974695697 was preloaded using link preload but not used within a few seconds from the window's load event. Please make sure it has an appropriate `as` value and it is preloaded intentionally. @ http://localhost:3000/shrine/kashi-vishwanath:0
[  675219ms] [WARNING] The resource http://localhost:3000/_next/static/css/app/layout.css?v=1784974693834 was preloaded using link preload but not used within a few seconds from the window's load event. Please make sure it has an appropriate `as` value and it is preloaded intentionally. @ http://localhost:3000/shrine/kashi-vishwanath:0
[  675219ms] [WARNING] The resource http://localhost:3000/_next/static/css/app/layout.css?v=1784974685827 was preloaded using link preload but not used within a few seconds from the window's load event. Please make sure it has an appropriate `as` value and it is preloaded intentionally. @ http://localhost:3000/shrine/kashi-vishwanath:0
[  675219ms] [WARNING] The resource http://localhost:3000/_next/static/css/app/layout.css?v=1784974711229 was preloaded using link preload but not used within a few seconds from the window's load event. Please make sure it has an appropriate `as` value and it is preloaded intentionally. @ http://localhost:3000/shrine/kashi-vishwanath:0
[  675219ms] [WARNING] The resource http://localhost:3000/_next/static/css/app/layout.css?v=1784974686587 was preloaded using link preload but not used within a few seconds from the window's load event. Please make sure it has an appropriate `as` value and it is preloaded intentionally. @ http://localhost:3000/shrine/kashi-vishwanath:0
[  675219ms] [WARNING] The resource http://localhost:3000/_next/static/css/app/layout.css?v=1784974629439 was preloaded using link preload but not used within a few seconds from the window's load event. Please make sure it has an appropriate `as` value and it is preloaded intentionally. @ http://localhost:3000/shrine/kashi-vishwanath:0
[  675220ms] [WARNING] The resource http://localhost:3000/_next/static/css/app/layout.css?v=1784974635394 was preloaded using link preload but not used within a few seconds from the window's load event. Please make sure it has an appropriate `as` value and it is preloaded intentionally. @ http://localhost:3000/shrine/kashi-vishwanath:0
[  675220ms] [WARNING] The resource http://localhost:3000/_next/static/css/app/layout.css?v=1784974687818 was preloaded using link preload but not used within a few seconds from the window's load event. Please make sure it has an appropriate `as` value and it is preloaded intentionally. @ http://localhost:3000/shrine/kashi-vishwanath:0
[  675220ms] [WARNING] The resource http://localhost:3000/_next/static/css/app/layout.css?v=1784974697448 was preloaded using link preload but not used within a few seconds from the window's load event. Please make sure it has an appropriate `as` value and it is preloaded intentionally. @ http://localhost:3000/shrine/kashi-vishwanath:0
[  675222ms] [WARNING] The resource http://localhost:3000/_next/static/css/app/layout.css?v=1784974698143 was preloaded using link preload but not used within a few seconds from the window's load event. Please make sure it has an appropriate `as` value and it is preloaded intentionally. @ http://localhost:3000/shrine/kashi-vishwanath:0
[  686394ms] [LOG] [Fast Refresh] rebuilding @ webpack-internal:///(app-pages-browser)/./node_modules/next/dist/next-devtools/shared/forward-logs-shared.js:27
[  694627ms] [LOG] [Fast Refresh] done in 8233ms @ webpack-internal:///(app-pages-browser)/./node_modules/next/dist/next-devtools/shared/forward-logs-shared.js:27
[  694660ms] [LOG] [Fast Refresh] rebuilding @ webpack-internal:///(app-pages-browser)/./node_modules/next/dist/next-devtools/shared/forward-logs-shared.js:27
[  696058ms] [LOG] [Fast Refresh] done in 1397ms @ webpack-internal:///(app-pages-browser)/./node_modules/next/dist/next-devtools/shared/forward-logs-shared.js:27
[  696073ms] [LOG] [Fast Refresh] rebuilding @ webpack-internal:///(app-pages-browser)/./node_modules/next/dist/next-devtools/shared/forward-logs-shared.js:27
[  697171ms] [LOG] [Fast Refresh] done in 1097ms @ webpack-internal:///(app-pages-browser)/./node_modules/next/dist/next-devtools/shared/forward-logs-shared.js:27
[  697180ms] [LOG] [Fast Refresh] rebuilding @ webpack-internal:///(app-pages-browser)/./node_modules/next/dist/next-devtools/shared/forward-logs-shared.js:27
[  700119ms] [LOG] [Fast Refresh] done in 2939ms @ webpack-internal:///(app-pages-browser)/./node_modules/next/dist/next-devtools/shared/forward-logs-shared.js:27
[  700120ms] [LOG] [Fast Refresh] rebuilding @ webpack-internal:///(app-pages-browser)/./node_modules/next/dist/next-devtools/shared/forward-logs-shared.js:27
[  700976ms] [LOG] [Fast Refresh] done in 856ms @ webpack-internal:///(app-pages-browser)/./node_modules/next/dist/next-devtools/shared/forward-logs-shared.js:27
[  701035ms] [LOG] [Fast Refresh] rebuilding @ webpack-internal:///(app-pages-browser)/./node_modules/next/dist/next-devtools/shared/forward-logs-shared.js:27
[  701926ms] [LOG] [Fast Refresh] done in 891ms @ webpack-internal:///(app-pages-browser)/./node_modules/next/dist/next-devtools/shared/forward-logs-shared.js:27
[  701931ms] [LOG] [Fast Refresh] rebuilding @ webpack-internal:///(app-pages-browser)/./node_modules/next/dist/next-devtools/shared/forward-logs-shared.js:27
[  703352ms] [LOG] [Fast Refresh] done in 1420ms @ webpack-internal:///(app-pages-browser)/./node_modules/next/dist/next-devtools/shared/forward-logs-shared.js:27
[  703353ms] [LOG] [Fast Refresh] rebuilding @ webpack-internal:///(app-pages-browser)/./node_modules/next/dist/next-devtools/shared/forward-logs-shared.js:27
[  704313ms] [LOG] [Fast Refresh] done in 960ms @ webpack-internal:///(app-pages-browser)/./node_modules/next/dist/next-devtools/shared/forward-logs-shared.js:27
[  704315ms] [LOG] [Fast Refresh] rebuilding @ webpack-internal:///(app-pages-browser)/./node_modules/next/dist/next-devtools/shared/forward-logs-shared.js:27
[  705347ms] [LOG] [Fast Refresh] done in 1031ms @ webpack-internal:///(app-pages-browser)/./node_modules/next/dist/next-devtools/shared/forward-logs-shared.js:27
[  705352ms] [LOG] [Fast Refresh] rebuilding @ webpack-internal:///(app-pages-browser)/./node_modules/next/dist/next-devtools/shared/forward-logs-shared.js:27
[  717554ms] [LOG] [Fast Refresh] done in 12098ms @ webpack-internal:///(app-pages-browser)/./node_modules/next/dist/next-devtools/shared/forward-logs-shared.js:27
[  718063ms] [LOG] [Fast Refresh] rebuilding @ webpack-internal:///(app-pages-browser)/./node_modules/next/dist/next-devtools/shared/forward-logs-shared.js:27
[  718292ms] [WARNING] The resource http://localhost:3000/_next/static/css/app/layout.css?v=1784974703163 was preloaded using link preload but not used within a few seconds from the window's load event. Please make sure it has an appropriate `as` value and it is preloaded intentionally. @ http://localhost:3000/shrine/kashi-vishwanath:0
[  718400ms] [WARNING] The resource http://localhost:3000/_next/static/css/app/layout.css?v=1784974621741 was preloaded using link preload but not used within a few seconds from the window's load event. Please make sure it has an appropriate `as` value and it is preloaded intentionally. @ http://localhost:3000/shrine/kashi-vishwanath:0
[  718401ms] [WARNING] The resource http://localhost:3000/_next/static/css/app/layout.css?v=1784974777656 was preloaded using link preload but not used within a few seconds from the window's load event. Please make sure it has an appropriate `as` value and it is preloaded intentionally. @ http://localhost:3000/shrine/kashi-vishwanath:0
[  718401ms] [WARNING] The resource http://localhost:3000/_next/static/css/app/layout.css?v=1784974766510 was preloaded using link preload but not used within a few seconds from the window's load event. Please make sure it has an appropriate `as` value and it is preloaded intentionally. @ http://localhost:3000/shrine/kashi-vishwanath:0
[  718403ms] [WARNING] The resource http://localhost:3000/_next/static/css/app/layout.css?v=1784974690984 was preloaded using link preload but not used within a few seconds from the window's load event. Please make sure it has an appropriate `as` value and it is preloaded intentionally. @ http://localhost:3000/shrine/kashi-vishwanath:0
[  718404ms] [WARNING] The resource http://localhost:3000/_next/static/css/app/layout.css?v=1784974760871 was preloaded using link preload but not used within a few seconds from the window's load event. Please make sure it has an appropriate `as` value and it is preloaded intentionally. @ http://localhost:3000/shrine/kashi-vishwanath:0
[  718575ms] [WARNING] The resource http://localhost:3000/_next/static/css/app/layout.css?v=1784974684834 was preloaded using link preload but not used within a few seconds from the window's load event. Please make sure it has an appropriate `as` value and it is preloaded intentionally. @ http://localhost:3000/shrine/kashi-vishwanath:0
[  718575ms] [WARNING] The resource http://localhost:3000/_next/static/css/app/layout.css?v=1784974624078 was preloaded using link preload but not used within a few seconds from the window's load event. Please make sure it has an appropriate `as` value and it is preloaded intentionally. @ http://localhost:3000/shrine/kashi-vishwanath:0
[  718575ms] [WARNING] The resource http://localhost:3000/_next/static/css/app/layout.css?v=1784974771609 was preloaded using link preload but not used within a few seconds from the window's load event. Please make sure it has an appropriate `as` value and it is preloaded intentionally. @ http://localhost:3000/shrine/kashi-vishwanath:0
[  718620ms] [WARNING] The resource http://localhost:3000/_next/static/css/app/layout.css?v=1784974768732 was preloaded using link preload but not used within a few seconds from the window's load event. Please make sure it has an appropriate `as` value and it is preloaded intentionally. @ http://localhost:3000/shrine/kashi-vishwanath:0
[  718756ms] [WARNING] The resource http://localhost:3000/_next/static/css/app/layout.css?v=1784974682287 was preloaded using link preload but not used within a few seconds from the window's load event. Please make sure it has an appropriate `as` value and it is preloaded intentionally. @ http://localhost:3000/shrine/kashi-vishwanath:0
[  718759ms] [WARNING] The resource http://localhost:3000/_next/static/css/app/layout.css?v=1784974695697 was preloaded using link preload but not used within a few seconds from the window's load event. Please make sure it has an appropriate `as` value and it is preloaded intentionally. @ http://localhost:3000/shrine/kashi-vishwanath:0
[  718761ms] [WARNING] The resource http://localhost:3000/_next/static/css/app/layout.css?v=1784974774927 was preloaded using link preload but not used within a few seconds from the window's load event. Please make sure it has an appropriate `as` value and it is preloaded intentionally. @ http://localhost:3000/shrine/kashi-vishwanath:0
[  718832ms] [WARNING] The resource http://localhost:3000/_next/static/css/app/layout.css?v=1784974685827 was preloaded using link preload but not used within a few seconds from the window's load event. Please make sure it has an appropriate `as` value and it is preloaded intentionally. @ http://localhost:3000/shrine/kashi-vishwanath:0
[  718833ms] [WARNING] The resource http://localhost:3000/_next/static/css/app/layout.css?v=1784974760421 was preloaded using link preload but not used within a few seconds from the window's load event. Please make sure it has an appropriate `as` value and it is preloaded intentionally. @ http://localhost:3000/shrine/kashi-vishwanath:0
[  718901ms] [WARNING] The resource http://localhost:3000/_next/static/css/app/layout.css?v=1784974629439 was preloaded using link preload but not used within a few seconds from the window's load event. Please make sure it has an appropriate `as` value and it is preloaded intentionally. @ http://localhost:3000/shrine/kashi-vishwanath:0
[  718901ms] [WARNING] The resource http://localhost:3000/_next/static/css/app/layout.css?v=1784974687818 was preloaded using link preload but not used within a few seconds from the window's load event. Please make sure it has an appropriate `as` value and it is preloaded intentionally. @ http://localhost:3000/shrine/kashi-vishwanath:0
[  718901ms] [WARNING] The resource http://localhost:3000/_next/static/css/app/layout.css?v=1784974697448 was preloaded using link preload but not used within a few seconds from the window's load event. Please make sure it has an appropriate `as` value and it is preloaded intentionally. @ http://localhost:3000/shrine/kashi-vishwanath:0
[  718901ms] [WARNING] The resource http://localhost:3000/_next/static/css/app/layout.css?v=1784974698143 was preloaded using link preload but not used within a few seconds from the window's load event. Please make sure it has an appropriate `as` value and it is preloaded intentionally. @ http://localhost:3000/shrine/kashi-vishwanath:0
[  718939ms] [WARNING] The resource http://localhost:3000/_next/static/css/app/layout.css?v=1784974646342 was preloaded using link preload but not used within a few seconds from the window's load event. Please make sure it has an appropriate `as` value and it is preloaded intentionally. @ http://localhost:3000/shrine/kashi-vishwanath:0
[  718965ms] [WARNING] The resource http://localhost:3000/_next/static/css/app/layout.css?v=1784974236572 was preloaded using link preload but not used within a few seconds from the window's load event. Please make sure it has an appropriate `as` value and it is preloaded intentionally. @ http://localhost:3000/shrine/kashi-vishwanath:0
[  718965ms] [WARNING] The resource http://localhost:3000/_next/static/css/app/layout.css?v=1784974705347 was preloaded using link preload but not used within a few seconds from the window's load event. Please make sure it has an appropriate `as` value and it is preloaded intentionally. @ http://localhost:3000/shrine/kashi-vishwanath:0
[  718966ms] [WARNING] The resource http://localhost:3000/_next/static/css/app/layout.css?v=1784974772513 was preloaded using link preload but not used within a few seconds from the window's load event. Please make sure it has an appropriate `as` value and it is preloaded intentionally. @ http://localhost:3000/shrine/kashi-vishwanath:0
[  719035ms] [WARNING] The resource http://localhost:3000/_next/static/css/app/layout.css?v=1784974719840 was preloaded using link preload but not used within a few seconds from the window's load event. Please make sure it has an appropriate `as` value and it is preloaded intentionally. @ http://localhost:3000/shrine/kashi-vishwanath:0
[  719035ms] [WARNING] The resource http://localhost:3000/_next/static/css/app/layout.css?v=1784974694335 was preloaded using link preload but not used within a few seconds from the window's load event. Please make sure it has an appropriate `as` value and it is preloaded intentionally. @ http://localhost:3000/shrine/kashi-vishwanath:0
[  719035ms] [WARNING] The resource http://localhost:3000/_next/static/css/app/layout.css?v=1784974707850 was preloaded using link preload but not used within a few seconds from the window's load event. Please make sure it has an appropriate `as` value and it is preloaded intentionally. @ http://localhost:3000/shrine/kashi-vishwanath:0
[  719036ms] [WARNING] The resource http://localhost:3000/_next/static/css/app/layout.css?v=1784974682124 was preloaded using link preload but not used within a few seconds from the window's load event. Please make sure it has an appropriate `as` value and it is preloaded intentionally. @ http://localhost:3000/shrine/kashi-vishwanath:0
[  719093ms] [WARNING] The resource http://localhost:3000/_next/static/css/app/layout.css?v=1784974702776 was preloaded using link preload but not used within a few seconds from the window's load event. Please make sure it has an appropriate `as` value and it is preloaded intentionally. @ http://localhost:3000/shrine/kashi-vishwanath:0
[  719093ms] [WARNING] The resource http://localhost:3000/_next/static/css/app/layout.css?v=1784974773494 was preloaded using link preload but not used within a few seconds from the window's load event. Please make sure it has an appropriate `as` value and it is preloaded intentionally. @ http://localhost:3000/shrine/kashi-vishwanath:0
[  719093ms] [WARNING] The resource http://localhost:3000/_next/static/css/app/layout.css?v=1784974775808 was preloaded using link preload but not used within a few seconds from the window's load event. Please make sure it has an appropriate `as` value and it is preloaded intentionally. @ http://localhost:3000/shrine/kashi-vishwanath:0
[  719093ms] [WARNING] The resource http://localhost:3000/_next/static/css/app/layout.css?v=1784974693834 was preloaded using link preload but not used within a few seconds from the window's load event. Please make sure it has an appropriate `as` value and it is preloaded intentionally. @ http://localhost:3000/shrine/kashi-vishwanath:0
[  719093ms] [WARNING] The resource http://localhost:3000/_next/static/css/app/layout.css?v=1784974711229 was preloaded using link preload but not used within a few seconds from the window's load event. Please make sure it has an appropriate `as` value and it is preloaded intentionally. @ http://localhost:3000/shrine/kashi-vishwanath:0
[  719247ms] [WARNING] The resource http://localhost:3000/_next/static/css/app/layout.css?v=1784974686587 was preloaded using link preload but not used within a few seconds from the window's load event. Please make sure it has an appropriate `as` value and it is preloaded intentionally. @ http://localhost:3000/shrine/kashi-vishwanath:0
[  719301ms] [WARNING] The resource http://localhost:3000/_next/static/css/app/layout.css?v=1784974635394 was preloaded using link preload but not used within a few seconds from the window's load event. Please make sure it has an appropriate `as` value and it is preloaded intentionally. @ http://localhost:3000/shrine/kashi-vishwanath:0
[  719303ms] [WARNING] The resource http://localhost:3000/_next/static/css/app/layout.css?v=1784974767989 was preloaded using link preload but not used within a few seconds from the window's load event. Please make sure it has an appropriate `as` value and it is preloaded intentionally. @ http://localhost:3000/shrine/kashi-vishwanath:0
[  719303ms] [WARNING] The resource http://localhost:3000/_next/static/css/app/layout.css?v=1784974702216 was preloaded using link preload but not used within a few seconds from the window's load event. Please make sure it has an appropriate `as` value and it is preloaded intentionally. @ http://localhost:3000/shrine/kashi-vishwanath:0
[  720420ms] [LOG] [Fast Refresh] done in 2354ms @ webpack-internal:///(app-pages-browser)/./node_modules/next/dist/next-devtools/shared/forward-logs-shared.js:27
[  734285ms] [LOG] [Fast Refresh] rebuilding @ webpack-internal:///(app-pages-browser)/./node_modules/next/dist/next-devtools/shared/forward-logs-shared.js:27
[  742769ms] [LOG] [Fast Refresh] done in 8815ms @ webpack-internal:///(app-pages-browser)/./node_modules/next/dist/next-devtools/shared/forward-logs-shared.js:27
[  742776ms] [LOG] [Fast Refresh] rebuilding @ webpack-internal:///(app-pages-browser)/./node_modules/next/dist/next-devtools/shared/forward-logs-shared.js:27
[  742782ms] [LOG] [Fast Refresh] done in 6ms @ webpack-internal:///(app-pages-browser)/./node_modules/next/dist/next-devtools/shared/forward-logs-shared.js:27
[  742950ms] [LOG] [Fast Refresh] rebuilding @ webpack-internal:///(app-pages-browser)/./node_modules/next/dist/next-devtools/shared/forward-logs-shared.js:27
[  746778ms] [WARNING] The resource http://localhost:3000/_next/static/css/app/layout.css?v=1784974703163 was preloaded using link preload but not used within a few seconds from the window's load event. Please make sure it has an appropriate `as` value and it is preloaded intentionally. @ http://localhost:3000/shrine/kashi-vishwanath:0
[  746996ms] [WARNING] The resource http://localhost:3000/_next/static/css/app/layout.css?v=1784974621741 was preloaded using link preload but not used within a few seconds from the window's load event. Please make sure it has an appropriate `as` value and it is preloaded intentionally. @ http://localhost:3000/shrine/kashi-vishwanath:0
[  746996ms] [WARNING] The resource http://localhost:3000/_next/static/css/app/layout.css?v=1784974777656 was preloaded using link preload but not used within a few seconds from the window's load event. Please make sure it has an appropriate `as` value and it is preloaded intentionally. @ http://localhost:3000/shrine/kashi-vishwanath:0
[  746996ms] [WARNING] The resource http://localhost:3000/_next/static/css/app/layout.css?v=1784974766510 was preloaded using link preload but not used within a few seconds from the window's load event. Please make sure it has an appropriate `as` value and it is preloaded intentionally. @ http://localhost:3000/shrine/kashi-vishwanath:0
[  746996ms] [WARNING] The resource http://localhost:3000/_next/static/css/app/layout.css?v=1784974690984 was preloaded using link preload but not used within a few seconds from the window's load event. Please make sure it has an appropriate `as` value and it is preloaded intentionally. @ http://localhost:3000/shrine/kashi-vishwanath:0
[  746996ms] [WARNING] The resource http://localhost:3000/_next/static/css/app/layout.css?v=1784974760871 was preloaded using link preload but not used within a few seconds from the window's load event. Please make sure it has an appropriate `as` value and it is preloaded intentionally. @ http://localhost:3000/shrine/kashi-vishwanath:0
[  747106ms] [WARNING] The resource http://localhost:3000/_next/static/css/app/layout.css?v=1784974684834 was preloaded using link preload but not used within a few seconds from the window's load event. Please make sure it has an appropriate `as` value and it is preloaded intentionally. @ http://localhost:3000/shrine/kashi-vishwanath:0
[  747272ms] [WARNING] The resource http://localhost:3000/_next/static/css/app/layout.css?v=1784974793180 was preloaded using link preload but not used within a few seconds from the window's load event. Please make sure it has an appropriate `as` value and it is preloaded intentionally. @ http://localhost:3000/shrine/kashi-vishwanath:0
[  747306ms] [WARNING] The resource http://localhost:3000/_next/static/css/app/layout.css?v=1784974624078 was preloaded using link preload but not used within a few seconds from the window's load event. Please make sure it has an appropriate `as` value and it is preloaded intentionally. @ http://localhost:3000/shrine/kashi-vishwanath:0
[  747306ms] [WARNING] The resource http://localhost:3000/_next/static/css/app/layout.css?v=1784974771609 was preloaded using link preload but not used within a few seconds from the window's load event. Please make sure it has an appropriate `as` value and it is preloaded intentionally. @ http://localhost:3000/shrine/kashi-vishwanath:0
[  747306ms] [WARNING] The resource http://localhost:3000/_next/static/css/app/layout.css?v=1784974768732 was preloaded using link preload but not used within a few seconds from the window's load event. Please make sure it has an appropriate `as` value and it is preloaded intentionally. @ http://localhost:3000/shrine/kashi-vishwanath:0
[  747442ms] [WARNING] The resource http://localhost:3000/_next/static/css/app/layout.css?v=1784974682287 was preloaded using link preload but not used within a few seconds from the window's load event. Please make sure it has an appropriate `as` value and it is preloaded intentionally. @ http://localhost:3000/shrine/kashi-vishwanath:0
[  747460ms] [WARNING] The resource http://localhost:3000/_next/static/css/app/layout.css?v=1784974695697 was preloaded using link preload but not used within a few seconds from the window's load event. Please make sure it has an appropriate `as` value and it is preloaded intentionally. @ http://localhost:3000/shrine/kashi-vishwanath:0
[  747461ms] [WARNING] The resource http://localhost:3000/_next/static/css/app/layout.css?v=1784974774927 was preloaded using link preload but not used within a few seconds from the window's load event. Please make sure it has an appropriate `as` value and it is preloaded intentionally. @ http://localhost:3000/shrine/kashi-vishwanath:0
[  747537ms] [WARNING] The resource http://localhost:3000/_next/static/css/app/layout.css?v=1784974685827 was preloaded using link preload but not used within a few seconds from the window's load event. Please make sure it has an appropriate `as` value and it is preloaded intentionally. @ http://localhost:3000/shrine/kashi-vishwanath:0
[  747538ms] [WARNING] The resource http://localhost:3000/_next/static/css/app/layout.css?v=1784974760421 was preloaded using link preload but not used within a few seconds from the window's load event. Please make sure it has an appropriate `as` value and it is preloaded intentionally. @ http://localhost:3000/shrine/kashi-vishwanath:0
[  747605ms] [WARNING] The resource http://localhost:3000/_next/static/css/app/layout.css?v=1784974629439 was preloaded using link preload but not used within a few seconds from the window's load event. Please make sure it has an appropriate `as` value and it is preloaded intentionally. @ http://localhost:3000/shrine/kashi-vishwanath:0
[  747605ms] [WARNING] The resource http://localhost:3000/_next/static/css/app/layout.css?v=1784974687818 was preloaded using link preload but not used within a few seconds from the window's load event. Please make sure it has an appropriate `as` value and it is preloaded intentionally. @ http://localhost:3000/shrine/kashi-vishwanath:0
[  747631ms] [WARNING] The resource http://localhost:3000/_next/static/css/app/layout.css?v=1784974697448 was preloaded using link preload but not used within a few seconds from the window's load event. Please make sure it has an appropriate `as` value and it is preloaded intentionally. @ http://localhost:3000/shrine/kashi-vishwanath:0
[  747632ms] [WARNING] The resource http://localhost:3000/_next/static/css/app/layout.css?v=1784974698143 was preloaded using link preload but not used within a few seconds from the window's load event. Please make sure it has an appropriate `as` value and it is preloaded intentionally. @ http://localhost:3000/shrine/kashi-vishwanath:0
[  748082ms] [WARNING] The resource http://localhost:3000/_next/static/css/app/layout.css?v=1784974646342 was preloaded using link preload but not used within a few seconds from the window's load event. Please make sure it has an appropriate `as` value and it is preloaded intentionally. @ http://localhost:3000/shrine/kashi-vishwanath:0
[  748245ms] [WARNING] The resource http://localhost:3000/_next/static/css/app/layout.css?v=1784974236572 was preloaded using link preload but not used within a few seconds from the window's load event. Please make sure it has an appropriate `as` value and it is preloaded intentionally. @ http://localhost:3000/shrine/kashi-vishwanath:0
[  748274ms] [WARNING] The resource http://localhost:3000/_next/static/css/app/layout.css?v=1784974705347 was preloaded using link preload but not used within a few seconds from the window's load event. Please make sure it has an appropriate `as` value and it is preloaded intentionally. @ http://localhost:3000/shrine/kashi-vishwanath:0
[  748274ms] [WARNING] The resource http://localhost:3000/_next/static/css/app/layout.css?v=1784974772513 was preloaded using link preload but not used within a few seconds from the window's load event. Please make sure it has an appropriate `as` value and it is preloaded intentionally. @ http://localhost:3000/shrine/kashi-vishwanath:0
[  748289ms] [WARNING] The resource http://localhost:3000/_next/static/css/app/layout.css?v=1784974719840 was preloaded using link preload but not used within a few seconds from the window's load event. Please make sure it has an appropriate `as` value and it is preloaded intentionally. @ http://localhost:3000/shrine/kashi-vishwanath:0
[  748297ms] [WARNING] The resource http://localhost:3000/_next/static/css/app/layout.css?v=1784974694335 was preloaded using link preload but not used within a few seconds from the window's load event. Please make sure it has an appropriate `as` value and it is preloaded intentionally. @ http://localhost:3000/shrine/kashi-vishwanath:0
[  748297ms] [WARNING] The resource http://localhost:3000/_next/static/css/app/layout.css?v=1784974707850 was preloaded using link preload but not used within a few seconds from the window's load event. Please make sure it has an appropriate `as` value and it is preloaded intentionally. @ http://localhost:3000/shrine/kashi-vishwanath:0
[  748297ms] [WARNING] The resource http://localhost:3000/_next/static/css/app/layout.css?v=1784974682124 was preloaded using link preload but not used within a few seconds from the window's load event. Please make sure it has an appropriate `as` value and it is preloaded intentionally. @ http://localhost:3000/shrine/kashi-vishwanath:0
[  748297ms] [WARNING] The resource http://localhost:3000/_next/static/css/app/layout.css?v=1784974702776 was preloaded using link preload but not used within a few seconds from the window's load event. Please make sure it has an appropriate `as` value and it is preloaded intentionally. @ http://localhost:3000/shrine/kashi-vishwanath:0
[  748298ms] [WARNING] The resource http://localhost:3000/_next/static/css/app/layout.css?v=1784974773494 was preloaded using link preload but not used within a few seconds from the window's load event. Please make sure it has an appropriate `as` value and it is preloaded intentionally. @ http://localhost:3000/shrine/kashi-vishwanath:0
[  748298ms] [WARNING] The resource http://localhost:3000/_next/static/css/app/layout.css?v=1784974775808 was preloaded using link preload but not used within a few seconds from the window's load event. Please make sure it has an appropriate `as` value and it is preloaded intentionally. @ http://localhost:3000/shrine/kashi-vishwanath:0
[  748298ms] [WARNING] The resource http://localhost:3000/_next/static/css/app/layout.css?v=1784974789798 was preloaded using link preload but not used within a few seconds from the window's load event. Please make sure it has an appropriate `as` value and it is preloaded intentionally. @ http://localhost:3000/shrine/kashi-vishwanath:0
[  748298ms] [WARNING] The resource http://localhost:3000/_next/static/css/app/layout.css?v=1784974693834 was preloaded using link preload but not used within a few seconds from the window's load event. Please make sure it has an appropriate `as` value and it is preloaded intentionally. @ http://localhost:3000/shrine/kashi-vishwanath:0
[  748298ms] [WARNING] The resource http://localhost:3000/_next/static/css/app/layout.css?v=1784974711229 was preloaded using link preload but not used within a few seconds from the window's load event. Please make sure it has an appropriate `as` value and it is preloaded intentionally. @ http://localhost:3000/shrine/kashi-vishwanath:0
[  748359ms] [WARNING] The resource http://localhost:3000/_next/static/css/app/layout.css?v=1784974686587 was preloaded using link preload but not used within a few seconds from the window's load event. Please make sure it has an appropriate `as` value and it is preloaded intentionally. @ http://localhost:3000/shrine/kashi-vishwanath:0
[  748360ms] [WARNING] The resource http://localhost:3000/_next/static/css/app/layout.css?v=1784974635394 was preloaded using link preload but not used within a few seconds from the window's load event. Please make sure it has an appropriate `as` value and it is preloaded intentionally. @ http://localhost:3000/shrine/kashi-vishwanath:0
[  748360ms] [WARNING] The resource http://localhost:3000/_next/static/css/app/layout.css?v=1784974767989 was preloaded using link preload but not used within a few seconds from the window's load event. Please make sure it has an appropriate `as` value and it is preloaded intentionally. @ http://localhost:3000/shrine/kashi-vishwanath:0
[  748360ms] [WARNING] The resource http://localhost:3000/_next/static/css/app/layout.css?v=1784974702216 was preloaded using link preload but not used within a few seconds from the window's load event. Please make sure it has an appropriate `as` value and it is preloaded intentionally. @ http://localhost:3000/shrine/kashi-vishwanath:0
[  762492ms] [LOG] [Fast Refresh] done in 19542ms @ webpack-internal:///(app-pages-browser)/./node_modules/next/dist/next-devtools/shared/forward-logs-shared.js:27
[  762519ms] [LOG] [Fast Refresh] rebuilding @ webpack-internal:///(app-pages-browser)/./node_modules/next/dist/next-devtools/shared/forward-logs-shared.js:27
[  773854ms] [WARNING] The resource http://localhost:3000/_next/static/css/app/layout.css?v=1784974703163 was preloaded using link preload but not used within a few seconds from the window's load event. Please make sure it has an appropriate `as` value and it is preloaded intentionally. @ http://localhost:3000/shrine/kashi-vishwanath:0
[  773977ms] [WARNING] The resource http://localhost:3000/_next/static/css/app/layout.css?v=1784974621741 was preloaded using link preload but not used within a few seconds from the window's load event. Please make sure it has an appropriate `as` value and it is preloaded intentionally. @ http://localhost:3000/shrine/kashi-vishwanath:0
[  773977ms] [WARNING] The resource http://localhost:3000/_next/static/css/app/layout.css?v=1784974777656 was preloaded using link preload but not used within a few seconds from the window's load event. Please make sure it has an appropriate `as` value and it is preloaded intentionally. @ http://localhost:3000/shrine/kashi-vishwanath:0
[  773977ms] [WARNING] The resource http://localhost:3000/_next/static/css/app/layout.css?v=1784974766510 was preloaded using link preload but not used within a few seconds from the window's load event. Please make sure it has an appropriate `as` value and it is preloaded intentionally. @ http://localhost:3000/shrine/kashi-vishwanath:0
[  773977ms] [WARNING] The resource http://localhost:3000/_next/static/css/app/layout.css?v=1784974815577 was preloaded using link preload but not used within a few seconds from the window's load event. Please make sure it has an appropriate `as` value and it is preloaded intentionally. @ http://localhost:3000/shrine/kashi-vishwanath:0
[  774007ms] [WARNING] The resource http://localhost:3000/_next/static/css/app/layout.css?v=1784974690984 was preloaded using link preload but not used within a few seconds from the window's load event. Please make sure it has an appropriate `as` value and it is preloaded intentionally. @ http://localhost:3000/shrine/kashi-vishwanath:0
[  774027ms] [WARNING] The resource http://localhost:3000/_next/static/css/app/layout.css?v=1784974760871 was preloaded using link preload but not used within a few seconds from the window's load event. Please make sure it has an appropriate `as` value and it is preloaded intentionally. @ http://localhost:3000/shrine/kashi-vishwanath:0
[  774027ms] [WARNING] The resource http://localhost:3000/_next/static/css/app/layout.css?v=1784974684834 was preloaded using link preload but not used within a few seconds from the window's load event. Please make sure it has an appropriate `as` value and it is preloaded intentionally. @ http://localhost:3000/shrine/kashi-vishwanath:0
[  774046ms] [WARNING] The resource http://localhost:3000/_next/static/css/app/layout.css?v=1784974793180 was preloaded using link preload but not used within a few seconds from the window's load event. Please make sure it has an appropriate `as` value and it is preloaded intentionally. @ http://localhost:3000/shrine/kashi-vishwanath:0
[  774046ms] [WARNING] The resource http://localhost:3000/_next/static/css/app/layout.css?v=1784974624078 was preloaded using link preload but not used within a few seconds from the window's load event. Please make sure it has an appropriate `as` value and it is preloaded intentionally. @ http://localhost:3000/shrine/kashi-vishwanath:0
[  774046ms] [WARNING] The resource http://localhost:3000/_next/static/css/app/layout.css?v=1784974771609 was preloaded using link preload but not used within a few seconds from the window's load event. Please make sure it has an appropriate `as` value and it is preloaded intentionally. @ http://localhost:3000/shrine/kashi-vishwanath:0
[  774046ms] [WARNING] The resource http://localhost:3000/_next/static/css/app/layout.css?v=1784974768732 was preloaded using link preload but not used within a few seconds from the window's load event. Please make sure it has an appropriate `as` value and it is preloaded intentionally. @ http://localhost:3000/shrine/kashi-vishwanath:0
[  774046ms] [WARNING] The resource http://localhost:3000/_next/static/css/app/layout.css?v=1784974682287 was preloaded using link preload but not used within a few seconds from the window's load event. Please make sure it has an appropriate `as` value and it is preloaded intentionally. @ http://localhost:3000/shrine/kashi-vishwanath:0
[  774046ms] [WARNING] The resource http://localhost:3000/_next/static/css/app/layout.css?v=1784974695697 was preloaded using link preload but not used within a few seconds from the window's load event. Please make sure it has an appropriate `as` value and it is preloaded intentionally. @ http://localhost:3000/shrine/kashi-vishwanath:0
[  774047ms] [WARNING] The resource http://localhost:3000/_next/static/css/app/layout.css?v=1784974774927 was preloaded using link preload but not used within a few seconds from the window's load event. Please make sure it has an appropriate `as` value and it is preloaded intentionally. @ http://localhost:3000/shrine/kashi-vishwanath:0
[  774049ms] [WARNING] The resource http://localhost:3000/_next/static/css/app/layout.css?v=1784974685827 was preloaded using link preload but not used within a few seconds from the window's load event. Please make sure it has an appropriate `as` value and it is preloaded intentionally. @ http://localhost:3000/shrine/kashi-vishwanath:0
[  774049ms] [WARNING] The resource http://localhost:3000/_next/static/css/app/layout.css?v=1784974760421 was preloaded using link preload but not used within a few seconds from the window's load event. Please make sure it has an appropriate `as` value and it is preloaded intentionally. @ http://localhost:3000/shrine/kashi-vishwanath:0
[  774050ms] [WARNING] The resource http://localhost:3000/_next/static/css/app/layout.css?v=1784974629439 was preloaded using link preload but not used within a few seconds from the window's load event. Please make sure it has an appropriate `as` value and it is preloaded intentionally. @ http://localhost:3000/shrine/kashi-vishwanath:0
[  774052ms] [WARNING] The resource http://localhost:3000/_next/static/css/app/layout.css?v=1784974687818 was preloaded using link preload but not used within a few seconds from the window's load event. Please make sure it has an appropriate `as` value and it is preloaded intentionally. @ http://localhost:3000/shrine/kashi-vishwanath:0
[  774052ms] [WARNING] The resource http://localhost:3000/_next/static/css/app/layout.css?v=1784974697448 was preloaded using link preload but not used within a few seconds from the window's load event. Please make sure it has an appropriate `as` value and it is preloaded intentionally. @ http://localhost:3000/shrine/kashi-vishwanath:0
[  774052ms] [WARNING] The resource http://localhost:3000/_next/static/css/app/layout.css?v=1784974698143 was preloaded using link preload but not used within a few seconds from the window's load event. Please make sure it has an appropriate `as` value and it is preloaded intentionally. @ http://localhost:3000/shrine/kashi-vishwanath:0
[  774052ms] [WARNING] The resource http://localhost:3000/_next/static/css/app/layout.css?v=1784974646342 was preloaded using link preload but not used within a few seconds from the window's load event. Please make sure it has an appropriate `as` value and it is preloaded intentionally. @ http://localhost:3000/shrine/kashi-vishwanath:0
[  774052ms] [WARNING] The resource http://localhost:3000/_next/static/css/app/layout.css?v=1784974236572 was preloaded using link preload but not used within a few seconds from the window's load event. Please make sure it has an appropriate `as` value and it is preloaded intentionally. @ http://localhost:3000/shrine/kashi-vishwanath:0
[  774052ms] [WARNING] The resource http://localhost:3000/_next/static/css/app/layout.css?v=1784974705347 was preloaded using link preload but not used within a few seconds from the window's load event. Please make sure it has an appropriate `as` value and it is preloaded intentionally. @ http://localhost:3000/shrine/kashi-vishwanath:0
[  774052ms] [WARNING] The resource http://localhost:3000/_next/static/css/app/layout.css?v=1784974772513 was preloaded using link preload but not used within a few seconds from the window's load event. Please make sure it has an appropriate `as` value and it is preloaded intentionally. @ http://localhost:3000/shrine/kashi-vishwanath:0
[  774065ms] [WARNING] The resource http://localhost:3000/_next/static/css/app/layout.css?v=1784974719840 was preloaded using link preload but not used within a few seconds from the window's load event. Please make sure it has an appropriate `as` value and it is preloaded intentionally. @ http://localhost:3000/shrine/kashi-vishwanath:0
[  774066ms] [WARNING] The resource http://localhost:3000/_next/static/css/app/layout.css?v=1784974694335 was preloaded using link preload but not used within a few seconds from the window's load event. Please make sure it has an appropriate `as` value and it is preloaded intentionally. @ http://localhost:3000/shrine/kashi-vishwanath:0
[  774066ms] [WARNING] The resource http://localhost:3000/_next/static/css/app/layout.css?v=1784974707850 was preloaded using link preload but not used within a few seconds from the window's load event. Please make sure it has an appropriate `as` value and it is preloaded intentionally. @ http://localhost:3000/shrine/kashi-vishwanath:0
[  774066ms] [WARNING] The resource http://localhost:3000/_next/static/css/app/layout.css?v=1784974682124 was preloaded using link preload but not used within a few seconds from the window's load event. Please make sure it has an appropriate `as` value and it is preloaded intentionally. @ http://localhost:3000/shrine/kashi-vishwanath:0
[  774066ms] [WARNING] The resource http://localhost:3000/_next/static/css/app/layout.css?v=1784974702776 was preloaded using link preload but not used within a few seconds from the window's load event. Please make sure it has an appropriate `as` value and it is preloaded intentionally. @ http://localhost:3000/shrine/kashi-vishwanath:0
[  774066ms] [WARNING] The resource http://localhost:3000/_next/static/css/app/layout.css?v=1784974773494 was preloaded using link preload but not used within a few seconds from the window's load event. Please make sure it has an appropriate `as` value and it is preloaded intentionally. @ http://localhost:3000/shrine/kashi-vishwanath:0
[  774066ms] [WARNING] The resource http://localhost:3000/_next/static/css/app/layout.css?v=1784974775808 was preloaded using link preload but not used within a few seconds from the window's load event. Please make sure it has an appropriate `as` value and it is preloaded intentionally. @ http://localhost:3000/shrine/kashi-vishwanath:0
[  774066ms] [WARNING] The resource http://localhost:3000/_next/static/css/app/layout.css?v=1784974789798 was preloaded using link preload but not used within a few seconds from the window's load event. Please make sure it has an appropriate `as` value and it is preloaded intentionally. @ http://localhost:3000/shrine/kashi-vishwanath:0
[  774066ms] [WARNING] The resource http://localhost:3000/_next/static/css/app/layout.css?v=1784974693834 was preloaded using link preload but not used within a few seconds from the window's load event. Please make sure it has an appropriate `as` value and it is preloaded intentionally. @ http://localhost:3000/shrine/kashi-vishwanath:0
[  774066ms] [WARNING] The resource http://localhost:3000/_next/static/css/app/layout.css?v=1784974711229 was preloaded using link preload but not used within a few seconds from the window's load event. Please make sure it has an appropriate `as` value and it is preloaded intentionally. @ http://localhost:3000/shrine/kashi-vishwanath:0
[  774066ms] [WARNING] The resource http://localhost:3000/_next/static/css/app/layout.css?v=1784974686587 was preloaded using link preload but not used within a few seconds from the window's load event. Please make sure it has an appropriate `as` value and it is preloaded intentionally. @ http://localhost:3000/shrine/kashi-vishwanath:0
[  774066ms] [WARNING] The resource http://localhost:3000/_next/static/css/app/layout.css?v=1784974635394 was preloaded using link preload but not used within a few seconds from the window's load event. Please make sure it has an appropriate `as` value and it is preloaded intentionally. @ http://localhost:3000/shrine/kashi-vishwanath:0
[  774067ms] [WARNING] The resource http://localhost:3000/_next/static/css/app/layout.css?v=1784974767989 was preloaded using link preload but not used within a few seconds from the window's load event. Please make sure it has an appropriate `as` value and it is preloaded intentionally. @ http://localhost:3000/shrine/kashi-vishwanath:0
[  774067ms] [WARNING] The resource http://localhost:3000/_next/static/css/app/layout.css?v=1784974702216 was preloaded using link preload but not used within a few seconds from the window's load event. Please make sure it has an appropriate `as` value and it is preloaded intentionally. @ http://localhost:3000/shrine/kashi-vishwanath:0
[  777354ms] [WARNING] The resource http://localhost:3000/_next/static/css/app/layout.css?v=1784974703163 was preloaded using link preload but not used within a few seconds from the window's load event. Please make sure it has an appropriate `as` value and it is preloaded intentionally. @ http://localhost:3000/shrine/kashi-vishwanath:0
[  777354ms] [WARNING] The resource http://localhost:3000/_next/static/css/app/layout.css?v=1784974621741 was preloaded using link preload but not used within a few seconds from the window's load event. Please make sure it has an appropriate `as` value and it is preloaded intentionally. @ http://localhost:3000/shrine/kashi-vishwanath:0
[  777354ms] [WARNING] The resource http://localhost:3000/_next/static/css/app/layout.css?v=1784974777656 was preloaded using link preload but not used within a few seconds from the window's load event. Please make sure it has an appropriate `as` value and it is preloaded intentionally. @ http://localhost:3000/shrine/kashi-vishwanath:0
[  777354ms] [WARNING] The resource http://localhost:3000/_next/static/css/app/layout.css?v=1784974766510 was preloaded using link preload but not used within a few seconds from the window's load event. Please make sure it has an appropriate `as` value and it is preloaded intentionally. @ http://localhost:3000/shrine/kashi-vishwanath:0
[  777354ms] [WARNING] The resource http://localhost:3000/_next/static/css/app/layout.css?v=1784974815577 was preloaded using link preload but not used within a few seconds from the window's load event. Please make sure it has an appropriate `as` value and it is preloaded intentionally. @ http://localhost:3000/shrine/kashi-vishwanath:0
[  777354ms] [WARNING] The resource http://localhost:3000/_next/static/css/app/layout.css?v=1784974690984 was preloaded using link preload but not used within a few seconds from the window's load event. Please make sure it has an appropriate `as` value and it is preloaded intentionally. @ http://localhost:3000/shrine/kashi-vishwanath:0
[  779022ms] [WARNING] The resource http://localhost:3000/_next/static/css/app/layout.css?v=1784974760871 was preloaded using link preload but not used within a few seconds from the window's load event. Please make sure it has an appropriate `as` value and it is preloaded intentionally. @ http://localhost:3000/shrine/kashi-vishwanath:0
[  779034ms] [WARNING] The resource http://localhost:3000/_next/static/css/app/layout.css?v=1784974684834 was preloaded using link preload but not used within a few seconds from the window's load event. Please make sure it has an appropriate `as` value and it is preloaded intentionally. @ http://localhost:3000/shrine/kashi-vishwanath:0
[  779034ms] [WARNING] The resource http://localhost:3000/_next/static/css/app/layout.css?v=1784974793180 was preloaded using link preload but not used within a few seconds from the window's load event. Please make sure it has an appropriate `as` value and it is preloaded intentionally. @ http://localhost:3000/shrine/kashi-vishwanath:0
[  779034ms] [WARNING] The resource http://localhost:3000/_next/static/css/app/layout.css?v=1784974624078 was preloaded using link preload but not used within a few seconds from the window's load event. Please make sure it has an appropriate `as` value and it is preloaded intentionally. @ http://localhost:3000/shrine/kashi-vishwanath:0
[  779034ms] [WARNING] The resource http://localhost:3000/_next/static/css/app/layout.css?v=1784974771609 was preloaded using link preload but not used within a few seconds from the window's load event. Please make sure it has an appropriate `as` value and it is preloaded intentionally. @ http://localhost:3000/shrine/kashi-vishwanath:0
[  779034ms] [WARNING] The resource http://localhost:3000/_next/static/css/app/layout.css?v=1784974768732 was preloaded using link preload but not used within a few seconds from the window's load event. Please make sure it has an appropriate `as` value and it is preloaded intentionally. @ http://localhost:3000/shrine/kashi-vishwanath:0
[  779034ms] [WARNING] The resource http://localhost:3000/_next/static/css/app/layout.css?v=1784974682287 was preloaded using link preload but not used within a few seconds from the window's load event. Please make sure it has an appropriate `as` value and it is preloaded intentionally. @ http://localhost:3000/shrine/kashi-vishwanath:0
[  779034ms] [WARNING] The resource http://localhost:3000/_next/static/css/app/layout.css?v=1784974695697 was preloaded using link preload but not used within a few seconds from the window's load event. Please make sure it has an appropriate `as` value and it is preloaded intentionally. @ http://localhost:3000/shrine/kashi-vishwanath:0
[  779063ms] [WARNING] The resource http://localhost:3000/_next/static/css/app/layout.css?v=1784974774927 was preloaded using link preload but not used within a few seconds from the window's load event. Please make sure it has an appropriate `as` value and it is preloaded intentionally. @ http://localhost:3000/shrine/kashi-vishwanath:0
[  779063ms] [WARNING] The resource http://localhost:3000/_next/static/css/app/layout.css?v=1784974685827 was preloaded using link preload but not used within a few seconds from the window's load event. Please make sure it has an appropriate `as` value and it is preloaded intentionally. @ http://localhost:3000/shrine/kashi-vishwanath:0
[  779063ms] [WARNING] The resource http://localhost:3000/_next/static/css/app/layout.css?v=1784974760421 was preloaded using link preload but not used within a few seconds from the window's load event. Please make sure it has an appropriate `as` value and it is preloaded intentionally. @ http://localhost:3000/shrine/kashi-vishwanath:0
[  779063ms] [WARNING] The resource http://localhost:3000/_next/static/css/app/layout.css?v=1784974629439 was preloaded using link preload but not used within a few seconds from the window's load event. Please make sure it has an appropriate `as` value and it is preloaded intentionally. @ http://localhost:3000/shrine/kashi-vishwanath:0
[  779063ms] [WARNING] The resource http://localhost:3000/_next/static/css/app/layout.css?v=1784974687818 was preloaded using link preload but not used within a few seconds from the window's load event. Please make sure it has an appropriate `as` value and it is preloaded intentionally. @ http://localhost:3000/shrine/kashi-vishwanath:0
[  779063ms] [WARNING] The resource http://localhost:3000/_next/static/css/app/layout.css?v=1784974697448 was preloaded using link preload but not used within a few seconds from the window's load event. Please make sure it has an appropriate `as` value and it is preloaded intentionally. @ http://localhost:3000/shrine/kashi-vishwanath:0
[  779063ms] [WARNING] The resource http://localhost:3000/_next/static/css/app/layout.css?v=1784974698143 was preloaded using link preload but not used within a few seconds from the window's load event. Please make sure it has an appropriate `as` value and it is preloaded intentionally. @ http://localhost:3000/shrine/kashi-vishwanath:0
[  779063ms] [WARNING] The resource http://localhost:3000/_next/static/css/app/layout.css?v=1784974646342 was preloaded using link preload but not used within a few seconds from the window's load event. Please make sure it has an appropriate `as` value and it is preloaded intentionally. @ http://localhost:3000/shrine/kashi-vishwanath:0
[  779063ms] [WARNING] The resource http://localhost:3000/_next/static/css/app/layout.css?v=1784974236572 was preloaded using link preload but not used within a few seconds from the window's load event. Please make sure it has an appropriate `as` value and it is preloaded intentionally. @ http://localhost:3000/shrine/kashi-vishwanath:0
[  779069ms] [WARNING] The resource http://localhost:3000/_next/static/css/app/layout.css?v=1784974705347 was preloaded using link preload but not used within a few seconds from the window's load event. Please make sure it has an appropriate `as` value and it is preloaded intentionally. @ http://localhost:3000/shrine/kashi-vishwanath:0
[  779070ms] [WARNING] The resource http://localhost:3000/_next/static/css/app/layout.css?v=1784974772513 was preloaded using link preload but not used within a few seconds from the window's load event. Please make sure it has an appropriate `as` value and it is preloaded intentionally. @ http://localhost:3000/shrine/kashi-vishwanath:0
[  779071ms] [WARNING] The resource http://localhost:3000/_next/static/css/app/layout.css?v=1784974719840 was preloaded using link preload but not used within a few seconds from the window's load event. Please make sure it has an appropriate `as` value and it is preloaded intentionally. @ http://localhost:3000/shrine/kashi-vishwanath:0
[  779071ms] [WARNING] The resource http://localhost:3000/_next/static/css/app/layout.css?v=1784974694335 was preloaded using link preload but not used within a few seconds from the window's load event. Please make sure it has an appropriate `as` value and it is preloaded intentionally. @ http://localhost:3000/shrine/kashi-vishwanath:0
[  779071ms] [WARNING] The resource http://localhost:3000/_next/static/css/app/layout.css?v=1784974707850 was preloaded using link preload but not used within a few seconds from the window's load event. Please make sure it has an appropriate `as` value and it is preloaded intentionally. @ http://localhost:3000/shrine/kashi-vishwanath:0
[  779071ms] [WARNING] The resource http://localhost:3000/_next/static/css/app/layout.css?v=1784974682124 was preloaded using link preload but not used within a few seconds from the window's load event. Please make sure it has an appropriate `as` value and it is preloaded intentionally. @ http://localhost:3000/shrine/kashi-vishwanath:0
[  779071ms] [WARNING] The resource http://localhost:3000/_next/static/css/app/layout.css?v=1784974702776 was preloaded using link preload but not used within a few seconds from the window's load event. Please make sure it has an appropriate `as` value and it is preloaded intentionally. @ http://localhost:3000/shrine/kashi-vishwanath:0
[  779071ms] [WARNING] The resource http://localhost:3000/_next/static/css/app/layout.css?v=1784974773494 was preloaded using link preload but not used within a few seconds from the window's load event. Please make sure it has an appropriate `as` value and it is preloaded intentionally. @ http://localhost:3000/shrine/kashi-vishwanath:0
[  779071ms] [WARNING] The resource http://localhost:3000/_next/static/css/app/layout.css?v=1784974775808 was preloaded using link preload but not used within a few seconds from the window's load event. Please make sure it has an appropriate `as` value and it is preloaded intentionally. @ http://localhost:3000/shrine/kashi-vishwanath:0
[  779071ms] [WARNING] The resource http://localhost:3000/_next/static/css/app/layout.css?v=1784974789798 was preloaded using link preload but not used within a few seconds from the window's load event. Please make sure it has an appropriate `as` value and it is preloaded intentionally. @ http://localhost:3000/shrine/kashi-vishwanath:0
[  779071ms] [WARNING] The resource http://localhost:3000/_next/static/css/app/layout.css?v=1784974693834 was preloaded using link preload but not used within a few seconds from the window's load event. Please make sure it has an appropriate `as` value and it is preloaded intentionally. @ http://localhost:3000/shrine/kashi-vishwanath:0
[  779071ms] [WARNING] The resource http://localhost:3000/_next/static/css/app/layout.css?v=1784974711229 was preloaded using link preload but not used within a few seconds from the window's load event. Please make sure it has an appropriate `as` value and it is preloaded intentionally. @ http://localhost:3000/shrine/kashi-vishwanath:0
[  779072ms] [WARNING] The resource http://localhost:3000/_next/static/css/app/layout.css?v=1784974686587 was preloaded using link preload but not used within a few seconds from the window's load event. Please make sure it has an appropriate `as` value and it is preloaded intentionally. @ http://localhost:3000/shrine/kashi-vishwanath:0
[  779073ms] [WARNING] The resource http://localhost:3000/_next/static/css/app/layout.css?v=1784974635394 was preloaded using link preload but not used within a few seconds from the window's load event. Please make sure it has an appropriate `as` value and it is preloaded intentionally. @ http://localhost:3000/shrine/kashi-vishwanath:0
[  779076ms] [WARNING] The resource http://localhost:3000/_next/static/css/app/layout.css?v=1784974767989 was preloaded using link preload but not used within a few seconds from the window's load event. Please make sure it has an appropriate `as` value and it is preloaded intentionally. @ http://localhost:3000/shrine/kashi-vishwanath:0
[  779078ms] [WARNING] The resource http://localhost:3000/_next/static/css/app/layout.css?v=1784974702216 was preloaded using link preload but not used within a few seconds from the window's load event. Please make sure it has an appropriate `as` value and it is preloaded intentionally. @ http://localhost:3000/shrine/kashi-vishwanath:0
[  791119ms] [LOG] [Fast Refresh] rebuilding @ webpack-internal:///(app-pages-browser)/./node_modules/next/dist/next-devtools/shared/forward-logs-shared.js:27
[  793743ms] [LOG] [Fast Refresh] done in 2680ms @ webpack-internal:///(app-pages-browser)/./node_modules/next/dist/next-devtools/shared/forward-logs-shared.js:27
[  793756ms] [LOG] [Fast Refresh] done in 2695ms @ webpack-internal:///(app-pages-browser)/./node_modules/next/dist/next-devtools/shared/forward-logs-shared.js:27
[  794614ms] [WARNING] The resource http://localhost:3000/_next/static/css/app/layout.css?v=1784974703163 was preloaded using link preload but not used within a few seconds from the window's load event. Please make sure it has an appropriate `as` value and it is preloaded intentionally. @ http://localhost:3000/shrine/kashi-vishwanath:0
[  794616ms] [WARNING] The resource http://localhost:3000/_next/static/css/app/layout.css?v=1784974621741 was preloaded using link preload but not used within a few seconds from the window's load event. Please make sure it has an appropriate `as` value and it is preloaded intentionally. @ http://localhost:3000/shrine/kashi-vishwanath:0
[  794616ms] [WARNING] The resource http://localhost:3000/_next/static/css/app/layout.css?v=1784974777656 was preloaded using link preload but not used within a few seconds from the window's load event. Please make sure it has an appropriate `as` value and it is preloaded intentionally. @ http://localhost:3000/shrine/kashi-vishwanath:0
[  794617ms] [WARNING] The resource http://localhost:3000/_next/static/css/app/layout.css?v=1784974766510 was preloaded using link preload but not used within a few seconds from the window's load event. Please make sure it has an appropriate `as` value and it is preloaded intentionally. @ http://localhost:3000/shrine/kashi-vishwanath:0
[  794617ms] [WARNING] The resource http://localhost:3000/_next/static/css/app/layout.css?v=1784974815577 was preloaded using link preload but not used within a few seconds from the window's load event. Please make sure it has an appropriate `as` value and it is preloaded intentionally. @ http://localhost:3000/shrine/kashi-vishwanath:0
[  794617ms] [WARNING] The resource http://localhost:3000/_next/static/css/app/layout.css?v=1784974690984 was preloaded using link preload but not used within a few seconds from the window's load event. Please make sure it has an appropriate `as` value and it is preloaded intentionally. @ http://localhost:3000/shrine/kashi-vishwanath:0
[  794617ms] [WARNING] The resource http://localhost:3000/_next/static/css/app/layout.css?v=1784974760871 was preloaded using link preload but not used within a few seconds from the window's load event. Please make sure it has an appropriate `as` value and it is preloaded intentionally. @ http://localhost:3000/shrine/kashi-vishwanath:0
[  794617ms] [WARNING] The resource http://localhost:3000/_next/static/css/app/layout.css?v=1784974684834 was preloaded using link preload but not used within a few seconds from the window's load event. Please make sure it has an appropriate `as` value and it is preloaded intentionally. @ http://localhost:3000/shrine/kashi-vishwanath:0
[  794617ms] [WARNING] The resource http://localhost:3000/_next/static/css/app/layout.css?v=1784974793180 was preloaded using link preload but not used within a few seconds from the window's load event. Please make sure it has an appropriate `as` value and it is preloaded intentionally. @ http://localhost:3000/shrine/kashi-vishwanath:0
[  794617ms] [WARNING] The resource http://localhost:3000/_next/static/css/app/layout.css?v=1784974624078 was preloaded using link preload but not used within a few seconds from the window's load event. Please make sure it has an appropriate `as` value and it is preloaded intentionally. @ http://localhost:3000/shrine/kashi-vishwanath:0
[  794617ms] [WARNING] The resource http://localhost:3000/_next/static/css/app/layout.css?v=1784974771609 was preloaded using link preload but not used within a few seconds from the window's load event. Please make sure it has an appropriate `as` value and it is preloaded intentionally. @ http://localhost:3000/shrine/kashi-vishwanath:0
[  794617ms] [WARNING] The resource http://localhost:3000/_next/static/css/app/layout.css?v=1784974768732 was preloaded using link preload but not used within a few seconds from the window's load event. Please make sure it has an appropriate `as` value and it is preloaded intentionally. @ http://localhost:3000/shrine/kashi-vishwanath:0
[  794617ms] [WARNING] The resource http://localhost:3000/_next/static/css/app/layout.css?v=1784974682287 was preloaded using link preload but not used within a few seconds from the window's load event. Please make sure it has an appropriate `as` value and it is preloaded intentionally. @ http://localhost:3000/shrine/kashi-vishwanath:0
[  794617ms] [WARNING] The resource http://localhost:3000/_next/static/css/app/layout.css?v=1784974695697 was preloaded using link preload but not used within a few seconds from the window's load event. Please make sure it has an appropriate `as` value and it is preloaded intentionally. @ http://localhost:3000/shrine/kashi-vishwanath:0
[  794617ms] [WARNING] The resource http://localhost:3000/_next/static/css/app/layout.css?v=1784974774927 was preloaded using link preload but not used within a few seconds from the window's load event. Please make sure it has an appropriate `as` value and it is preloaded intentionally. @ http://localhost:3000/shrine/kashi-vishwanath:0
[  794617ms] [WARNING] The resource http://localhost:3000/_next/static/css/app/layout.css?v=1784974685827 was preloaded using link preload but not used within a few seconds from the window's load event. Please make sure it has an appropriate `as` value and it is preloaded intentionally. @ http://localhost:3000/shrine/kashi-vishwanath:0
[  794617ms] [WARNING] The resource http://localhost:3000/_next/static/css/app/layout.css?v=1784974760421 was preloaded using link preload but not used within a few seconds from the window's load event. Please make sure it has an appropriate `as` value and it is preloaded intentionally. @ http://localhost:3000/shrine/kashi-vishwanath:0
[  794617ms] [WARNING] The resource http://localhost:3000/_next/static/css/app/layout.css?v=1784974629439 was preloaded using link preload but not used within a few seconds from the window's load event. Please make sure it has an appropriate `as` value and it is preloaded intentionally. @ http://localhost:3000/shrine/kashi-vishwanath:0
[  794617ms] [WARNING] The resource http://localhost:3000/_next/static/css/app/layout.css?v=1784974687818 was preloaded using link preload but not used within a few seconds from the window's load event. Please make sure it has an appropriate `as` value and it is preloaded intentionally. @ http://localhost:3000/shrine/kashi-vishwanath:0
[  794617ms] [WARNING] The resource http://localhost:3000/_next/static/css/app/layout.css?v=1784974697448 was preloaded using link preload but not used within a few seconds from the window's load event. Please make sure it has an appropriate `as` value and it is preloaded intentionally. @ http://localhost:3000/shrine/kashi-vishwanath:0
[  794617ms] [WARNING] The resource http://localhost:3000/_next/static/css/app/layout.css?v=1784974698143 was preloaded using link preload but not used within a few seconds from the window's load event. Please make sure it has an appropriate `as` value and it is preloaded intentionally. @ http://localhost:3000/shrine/kashi-vishwanath:0
[  794618ms] [WARNING] The resource http://localhost:3000/_next/static/css/app/layout.css?v=1784974646342 was preloaded using link preload but not used within a few seconds from the window's load event. Please make sure it has an appropriate `as` value and it is preloaded intentionally. @ http://localhost:3000/shrine/kashi-vishwanath:0
[  794618ms] [WARNING] The resource http://localhost:3000/_next/static/css/app/layout.css?v=1784974236572 was preloaded using link preload but not used within a few seconds from the window's load event. Please make sure it has an appropriate `as` value and it is preloaded intentionally. @ http://localhost:3000/shrine/kashi-vishwanath:0
[  794618ms] [WARNING] The resource http://localhost:3000/_next/static/css/app/layout.css?v=1784974705347 was preloaded using link preload but not used within a few seconds from the window's load event. Please make sure it has an appropriate `as` value and it is preloaded intentionally. @ http://localhost:3000/shrine/kashi-vishwanath:0
[  794620ms] [WARNING] The resource http://localhost:3000/_next/static/css/app/layout.css?v=1784974772513 was preloaded using link preload but not used within a few seconds from the window's load event. Please make sure it has an appropriate `as` value and it is preloaded intentionally. @ http://localhost:3000/shrine/kashi-vishwanath:0
[  794620ms] [WARNING] The resource http://localhost:3000/_next/static/css/app/layout.css?v=1784974719840 was preloaded using link preload but not used within a few seconds from the window's load event. Please make sure it has an appropriate `as` value and it is preloaded intentionally. @ http://localhost:3000/shrine/kashi-vishwanath:0
[  794622ms] [WARNING] The resource http://localhost:3000/_next/static/css/app/layout.css?v=1784974694335 was preloaded using link preload but not used within a few seconds from the window's load event. Please make sure it has an appropriate `as` value and it is preloaded intentionally. @ http://localhost:3000/shrine/kashi-vishwanath:0
[  794622ms] [WARNING] The resource http://localhost:3000/_next/static/css/app/layout.css?v=1784974707850 was preloaded using link preload but not used within a few seconds from the window's load event. Please make sure it has an appropriate `as` value and it is preloaded intentionally. @ http://localhost:3000/shrine/kashi-vishwanath:0
[  794622ms] [WARNING] The resource http://localhost:3000/_next/static/css/app/layout.css?v=1784974682124 was preloaded using link preload but not used within a few seconds from the window's load event. Please make sure it has an appropriate `as` value and it is preloaded intentionally. @ http://localhost:3000/shrine/kashi-vishwanath:0
[  794622ms] [WARNING] The resource http://localhost:3000/_next/static/css/app/layout.css?v=1784974702776 was preloaded using link preload but not used within a few seconds from the window's load event. Please make sure it has an appropriate `as` value and it is preloaded intentionally. @ http://localhost:3000/shrine/kashi-vishwanath:0
[  794622ms] [WARNING] The resource http://localhost:3000/_next/static/css/app/layout.css?v=1784974773494 was preloaded using link preload but not used within a few seconds from the window's load event. Please make sure it has an appropriate `as` value and it is preloaded intentionally. @ http://localhost:3000/shrine/kashi-vishwanath:0
[  794622ms] [WARNING] The resource http://localhost:3000/_next/static/css/app/layout.css?v=1784974775808 was preloaded using link preload but not used within a few seconds from the window's load event. Please make sure it has an appropriate `as` value and it is preloaded intentionally. @ http://localhost:3000/shrine/kashi-vishwanath:0
[  794622ms] [WARNING] The resource http://localhost:3000/_next/static/css/app/layout.css?v=1784974789798 was preloaded using link preload but not used within a few seconds from the window's load event. Please make sure it has an appropriate `as` value and it is preloaded intentionally. @ http://localhost:3000/shrine/kashi-vishwanath:0
[  794626ms] [WARNING] The resource http://localhost:3000/_next/static/css/app/layout.css?v=1784974693834 was preloaded using link preload but not used within a few seconds from the window's load event. Please make sure it has an appropriate `as` value and it is preloaded intentionally. @ http://localhost:3000/shrine/kashi-vishwanath:0
[  794633ms] [WARNING] The resource http://localhost:3000/_next/static/css/app/layout.css?v=1784974711229 was preloaded using link preload but not used within a few seconds from the window's load event. Please make sure it has an appropriate `as` value and it is preloaded intentionally. @ http://localhost:3000/shrine/kashi-vishwanath:0
[  794633ms] [WARNING] The resource http://localhost:3000/_next/static/css/app/layout.css?v=1784974686587 was preloaded using link preload but not used within a few seconds from the window's load event. Please make sure it has an appropriate `as` value and it is preloaded intentionally. @ http://localhost:3000/shrine/kashi-vishwanath:0
[  794633ms] [WARNING] The resource http://localhost:3000/_next/static/css/app/layout.css?v=1784974635394 was preloaded using link preload but not used within a few seconds from the window's load event. Please make sure it has an appropriate `as` value and it is preloaded intentionally. @ http://localhost:3000/shrine/kashi-vishwanath:0
[  794633ms] [WARNING] The resource http://localhost:3000/_next/static/css/app/layout.css?v=1784974767989 was preloaded using link preload but not used within a few seconds from the window's load event. Please make sure it has an appropriate `as` value and it is preloaded intentionally. @ http://localhost:3000/shrine/kashi-vishwanath:0
[  794633ms] [WARNING] The resource http://localhost:3000/_next/static/css/app/layout.css?v=1784974702216 was preloaded using link preload but not used within a few seconds from the window's load event. Please make sure it has an appropriate `as` value and it is preloaded intentionally. @ http://localhost:3000/shrine/kashi-vishwanath:0
[  795551ms] [ERROR] Failed to load resource: the server responded with a status of 500 (Internal Server Error) @ http://localhost:3000/shrine/kashi-vishwanath?_rsc=6nuQaiAu8OlDmg9c:0
[  796049ms] [LOG] [Fast Refresh] rebuilding @ webpack-internal:///(app-pages-browser)/./node_modules/next/dist/next-devtools/shared/forward-logs-shared.js:27
[  800878ms] [WARNING] The resource http://localhost:3000/_next/static/css/app/layout.css?v=1784974703163 was preloaded using link preload but not used within a few seconds from the window's load event. Please make sure it has an appropriate `as` value and it is preloaded intentionally. @ http://localhost:3000/shrine/kashi-vishwanath:0
[  800879ms] [WARNING] The resource http://localhost:3000/_next/static/css/app/layout.css?v=1784974621741 was preloaded using link preload but not used within a few seconds from the window's load event. Please make sure it has an appropriate `as` value and it is preloaded intentionally. @ http://localhost:3000/shrine/kashi-vishwanath:0
[  800879ms] [WARNING] The resource http://localhost:3000/_next/static/css/app/layout.css?v=1784974777656 was preloaded using link preload but not used within a few seconds from the window's load event. Please make sure it has an appropriate `as` value and it is preloaded intentionally. @ http://localhost:3000/shrine/kashi-vishwanath:0
[  800879ms] [WARNING] The resource http://localhost:3000/_next/static/css/app/layout.css?v=1784974766510 was preloaded using link preload but not used within a few seconds from the window's load event. Please make sure it has an appropriate `as` value and it is preloaded intentionally. @ http://localhost:3000/shrine/kashi-vishwanath:0
[  800920ms] [WARNING] The resource http://localhost:3000/_next/static/css/app/layout.css?v=1784974815577 was preloaded using link preload but not used within a few seconds from the window's load event. Please make sure it has an appropriate `as` value and it is preloaded intentionally. @ http://localhost:3000/shrine/kashi-vishwanath:0
[  800936ms] [WARNING] The resource http://localhost:3000/_next/static/css/app/layout.css?v=1784974690984 was preloaded using link preload but not used within a few seconds from the window's load event. Please make sure it has an appropriate `as` value and it is preloaded intentionally. @ http://localhost:3000/shrine/kashi-vishwanath:0
[  800936ms] [WARNING] The resource http://localhost:3000/_next/static/css/app/layout.css?v=1784974760871 was preloaded using link preload but not used within a few seconds from the window's load event. Please make sure it has an appropriate `as` value and it is preloaded intentionally. @ http://localhost:3000/shrine/kashi-vishwanath:0
[  800936ms] [WARNING] The resource http://localhost:3000/_next/static/css/app/layout.css?v=1784974684834 was preloaded using link preload but not used within a few seconds from the window's load event. Please make sure it has an appropriate `as` value and it is preloaded intentionally. @ http://localhost:3000/shrine/kashi-vishwanath:0
[  800936ms] [WARNING] The resource http://localhost:3000/_next/static/css/app/layout.css?v=1784974793180 was preloaded using link preload but not used within a few seconds from the window's load event. Please make sure it has an appropriate `as` value and it is preloaded intentionally. @ http://localhost:3000/shrine/kashi-vishwanath:0
[  800936ms] [WARNING] The resource http://localhost:3000/_next/static/css/app/layout.css?v=1784974624078 was preloaded using link preload but not used within a few seconds from the window's load event. Please make sure it has an appropriate `as` value and it is preloaded intentionally. @ http://localhost:3000/shrine/kashi-vishwanath:0
[  800972ms] [WARNING] The resource http://localhost:3000/_next/static/css/app/layout.css?v=1784974771609 was preloaded using link preload but not used within a few seconds from the window's load event. Please make sure it has an appropriate `as` value and it is preloaded intentionally. @ http://localhost:3000/shrine/kashi-vishwanath:0
[  800972ms] [WARNING] The resource http://localhost:3000/_next/static/css/app/layout.css?v=1784974768732 was preloaded using link preload but not used within a few seconds from the window's load event. Please make sure it has an appropriate `as` value and it is preloaded intentionally. @ http://localhost:3000/shrine/kashi-vishwanath:0
[  800972ms] [WARNING] The resource http://localhost:3000/_next/static/css/app/layout.css?v=1784974682287 was preloaded using link preload but not used within a few seconds from the window's load event. Please make sure it has an appropriate `as` value and it is preloaded intentionally. @ http://localhost:3000/shrine/kashi-vishwanath:0
[  800972ms] [WARNING] The resource http://localhost:3000/_next/static/css/app/layout.css?v=1784974695697 was preloaded using link preload but not used within a few seconds from the window's load event. Please make sure it has an appropriate `as` value and it is preloaded intentionally. @ http://localhost:3000/shrine/kashi-vishwanath:0
[  800998ms] [WARNING] The resource http://localhost:3000/_next/static/css/app/layout.css?v=1784974774927 was preloaded using link preload but not used within a few seconds from the window's load event. Please make sure it has an appropriate `as` value and it is preloaded intentionally. @ http://localhost:3000/shrine/kashi-vishwanath:0
[  800998ms] [WARNING] The resource http://localhost:3000/_next/static/css/app/layout.css?v=1784974685827 was preloaded using link preload but not used within a few seconds from the window's load event. Please make sure it has an appropriate `as` value and it is preloaded intentionally. @ http://localhost:3000/shrine/kashi-vishwanath:0
[  800998ms] [WARNING] The resource http://localhost:3000/_next/static/css/app/layout.css?v=1784974760421 was preloaded using link preload but not used within a few seconds from the window's load event. Please make sure it has an appropriate `as` value and it is preloaded intentionally. @ http://localhost:3000/shrine/kashi-vishwanath:0
[  800998ms] [WARNING] The resource http://localhost:3000/_next/static/css/app/layout.css?v=1784974629439 was preloaded using link preload but not used within a few seconds from the window's load event. Please make sure it has an appropriate `as` value and it is preloaded intentionally. @ http://localhost:3000/shrine/kashi-vishwanath:0
[  801016ms] [WARNING] The resource http://localhost:3000/_next/static/css/app/layout.css?v=1784974687818 was preloaded using link preload but not used within a few seconds from the window's load event. Please make sure it has an appropriate `as` value and it is preloaded intentionally. @ http://localhost:3000/shrine/kashi-vishwanath:0
[  801063ms] [WARNING] The resource http://localhost:3000/_next/static/css/app/layout.css?v=1784974697448 was preloaded using link preload but not used within a few seconds from the window's load event. Please make sure it has an appropriate `as` value and it is preloaded intentionally. @ http://localhost:3000/shrine/kashi-vishwanath:0
[  801063ms] [WARNING] The resource http://localhost:3000/_next/static/css/app/layout.css?v=1784974698143 was preloaded using link preload but not used within a few seconds from the window's load event. Please make sure it has an appropriate `as` value and it is preloaded intentionally. @ http://localhost:3000/shrine/kashi-vishwanath:0
[  801063ms] [WARNING] The resource http://localhost:3000/_next/static/css/app/layout.css?v=1784974646342 was preloaded using link preload but not used within a few seconds from the window's load event. Please make sure it has an appropriate `as` value and it is preloaded intentionally. @ http://localhost:3000/shrine/kashi-vishwanath:0
[  801063ms] [WARNING] The resource http://localhost:3000/_next/static/css/app/layout.css?v=1784974236572 was preloaded using link preload but not used within a few seconds from the window's load event. Please make sure it has an appropriate `as` value and it is preloaded intentionally. @ http://localhost:3000/shrine/kashi-vishwanath:0
[  801102ms] [WARNING] The resource http://localhost:3000/_next/static/css/app/layout.css?v=1784974705347 was preloaded using link preload but not used within a few seconds from the window's load event. Please make sure it has an appropriate `as` value and it is preloaded intentionally. @ http://localhost:3000/shrine/kashi-vishwanath:0
[  801102ms] [WARNING] The resource http://localhost:3000/_next/static/css/app/layout.css?v=1784974772513 was preloaded using link preload but not used within a few seconds from the window's load event. Please make sure it has an appropriate `as` value and it is preloaded intentionally. @ http://localhost:3000/shrine/kashi-vishwanath:0
[  801102ms] [WARNING] The resource http://localhost:3000/_next/static/css/app/layout.css?v=1784974719840 was preloaded using link preload but not used within a few seconds from the window's load event. Please make sure it has an appropriate `as` value and it is preloaded intentionally. @ http://localhost:3000/shrine/kashi-vishwanath:0
[  801102ms] [WARNING] The resource http://localhost:3000/_next/static/css/app/layout.css?v=1784974694335 was preloaded using link preload but not used within a few seconds from the window's load event. Please make sure it has an appropriate `as` value and it is preloaded intentionally. @ http://localhost:3000/shrine/kashi-vishwanath:0
[  801102ms] [WARNING] The resource http://localhost:3000/_next/static/css/app/layout.css?v=1784974707850 was preloaded using link preload but not used within a few seconds from the window's load event. Please make sure it has an appropriate `as` value and it is preloaded intentionally. @ http://localhost:3000/shrine/kashi-vishwanath:0
[  801102ms] [WARNING] The resource http://localhost:3000/_next/static/css/app/layout.css?v=1784974682124 was preloaded using link preload but not used within a few seconds from the window's load event. Please make sure it has an appropriate `as` value and it is preloaded intentionally. @ http://localhost:3000/shrine/kashi-vishwanath:0
[  801102ms] [WARNING] The resource http://localhost:3000/_next/static/css/app/layout.css?v=1784974702776 was preloaded using link preload but not used within a few seconds from the window's load event. Please make sure it has an appropriate `as` value and it is preloaded intentionally. @ http://localhost:3000/shrine/kashi-vishwanath:0
[  801102ms] [WARNING] The resource http://localhost:3000/_next/static/css/app/layout.css?v=1784974773494 was preloaded using link preload but not used within a few seconds from the window's load event. Please make sure it has an appropriate `as` value and it is preloaded intentionally. @ http://localhost:3000/shrine/kashi-vishwanath:0
[  801102ms] [WARNING] The resource http://localhost:3000/_next/static/css/app/layout.css?v=1784974868320 was preloaded using link preload but not used within a few seconds from the window's load event. Please make sure it has an appropriate `as` value and it is preloaded intentionally. @ http://localhost:3000/shrine/kashi-vishwanath:0
[  801102ms] [WARNING] The resource http://localhost:3000/_next/static/css/app/layout.css?v=1784974775808 was preloaded using link preload but not used within a few seconds from the window's load event. Please make sure it has an appropriate `as` value and it is preloaded intentionally. @ http://localhost:3000/shrine/kashi-vishwanath:0
[  801102ms] [WARNING] The resource http://localhost:3000/_next/static/css/app/layout.css?v=1784974789798 was preloaded using link preload but not used within a few seconds from the window's load event. Please make sure it has an appropriate `as` value and it is preloaded intentionally. @ http://localhost:3000/shrine/kashi-vishwanath:0
[  801102ms] [WARNING] The resource http://localhost:3000/_next/static/css/app/layout.css?v=1784974693834 was preloaded using link preload but not used within a few seconds from the window's load event. Please make sure it has an appropriate `as` value and it is preloaded intentionally. @ http://localhost:3000/shrine/kashi-vishwanath:0
[  801102ms] [WARNING] The resource http://localhost:3000/_next/static/css/app/layout.css?v=1784974711229 was preloaded using link preload but not used within a few seconds from the window's load event. Please make sure it has an appropriate `as` value and it is preloaded intentionally. @ http://localhost:3000/shrine/kashi-vishwanath:0
[  801102ms] [WARNING] The resource http://localhost:3000/_next/static/css/app/layout.css?v=1784974686587 was preloaded using link preload but not used within a few seconds from the window's load event. Please make sure it has an appropriate `as` value and it is preloaded intentionally. @ http://localhost:3000/shrine/kashi-vishwanath:0
[  801102ms] [WARNING] The resource http://localhost:3000/_next/static/css/app/layout.css?v=1784974635394 was preloaded using link preload but not used within a few seconds from the window's load event. Please make sure it has an appropriate `as` value and it is preloaded intentionally. @ http://localhost:3000/shrine/kashi-vishwanath:0
[  801102ms] [WARNING] The resource http://localhost:3000/_next/static/css/app/layout.css?v=1784974767989 was preloaded using link preload but not used within a few seconds from the window's load event. Please make sure it has an appropriate `as` value and it is preloaded intentionally. @ http://localhost:3000/shrine/kashi-vishwanath:0
[  801102ms] [WARNING] The resource http://localhost:3000/_next/static/css/app/layout.css?v=1784974702216 was preloaded using link preload but not used within a few seconds from the window's load event. Please make sure it has an appropriate `as` value and it is preloaded intentionally. @ http://localhost:3000/shrine/kashi-vishwanath:0
[  807357ms] [WARNING] <link rel=preload> uses an unsupported `as` value @ http://localhost:3000/shrine/kashi-vishwanath:0
[  807357ms] [WARNING] <link rel=preload> uses an unsupported `as` value @ http://localhost:3000/shrine/kashi-vishwanath:0
[  807357ms] [WARNING] <link rel=preload> uses an unsupported `as` value @ http://localhost:3000/shrine/kashi-vishwanath:0
[  807357ms] [WARNING] <link rel=preload> uses an unsupported `as` value @ http://localhost:3000/shrine/kashi-vishwanath:0
[  809712ms] Invalid or unexpected token
[  811809ms] [ERROR] Failed to load resource: the server responded with a status of 404 (Not Found) @ http://localhost:3000/_next/image?url=https%3A%2F%2Fimages.unsplash.com%2Fphoto-1561361513-2d000a45f0d2%3Fq%3D80%26w%3D1200%26auto%3Dformat%26fit%3Dcrop&w=1920&q=75:0
[  820303ms] [INFO] %cDownload the React DevTools for a better development experience: https://react.dev/link/react-devtools font-weight:bold @ webpack-internal:///(app-pages-browser)/./node_modules/next/dist/next-devtools/shared/forward-logs-shared.js:27
[  821949ms] [LOG] [HMR] connected @ webpack-internal:///(app-pages-browser)/./node_modules/next/dist/next-devtools/shared/forward-logs-shared.js:27
[  822602ms] Error: Internal Next.js error: Router action dispatched before initialization.
    at dispatchAppRouterAction (webpack-internal:///(app-pages-browser)/./node_modules/next/dist/client/components/use-action-queue.js:50:37)
    at eval (webpack-internal:///(app-pages-browser)/./node_modules/next/dist/client/components/app-router-instance.js:329:61)
    at startTransition (webpack-internal:///(app-pages-browser)/./node_modules/next/dist/compiled/react/cjs/react.development.js:556:27)
    at Object.hmrRefresh (webpack-internal:///(app-pages-browser)/./node_modules/next/dist/client/components/app-router-instance.js:328:40)
    at eval (webpack-internal:///(app-pages-browser)/./node_modules/next/dist/client/dev/hot-reloader/app/hot-reloader-app.js:300:64)
    at startTransition (webpack-internal:///(app-pages-browser)/./node_modules/next/dist/compiled/react/cjs/react.development.js:556:27)
    at processMessage (webpack-internal:///(app-pages-browser)/./node_modules/next/dist/client/dev/hot-reloader/app/hot-reloader-app.js:299:44)
    at WebSocket.handleMessage (webpack-internal:///(app-pages-browser)/./node_modules/next/dist/client/dev/hot-reloader/app/web-socket.js:91:52)
[  822736ms] [LOG] [Fast Refresh] rebuilding @ webpack-internal:///(app-pages-browser)/./node_modules/next/dist/next-devtools/shared/forward-logs-shared.js:27
[  823225ms] [ERROR] Can't perform a React state update on a component that hasn't mounted yet. This indicates that you have a side-effect in your render function that asynchronously tries to update the component. Move this work to useEffect instead. @ webpack-internal:///(app-pages-browser)/./node_modules/next/dist/next-devtools/userspace/app/errors/intercept-console-error.js:57
[  823441ms] [LOG] [Fast Refresh] done in 705ms @ webpack-internal:///(app-pages-browser)/./node_modules/next/dist/next-devtools/shared/forward-logs-shared.js:27
[  823442ms] [LOG] [Fast Refresh] rebuilding @ webpack-internal:///(app-pages-browser)/./node_modules/next/dist/next-devtools/shared/forward-logs-shared.js:27
[  876614ms] [LOG] [Fast Refresh] done in 53171ms @ webpack-internal:///(app-pages-browser)/./node_modules/next/dist/next-devtools/shared/forward-logs-shared.js:27
[  877214ms] [LOG] [Fast Refresh] rebuilding @ webpack-internal:///(app-pages-browser)/./node_modules/next/dist/next-devtools/shared/forward-logs-shared.js:27
[  877261ms] [LOG] [Fast Refresh] done in 46ms @ webpack-internal:///(app-pages-browser)/./node_modules/next/dist/next-devtools/shared/forward-logs-shared.js:27
[  880037ms] [LOG] [Fast Refresh] rebuilding @ webpack-internal:///(app-pages-browser)/./node_modules/next/dist/next-devtools/shared/forward-logs-shared.js:27
[  886558ms] [LOG] [Fast Refresh] done in 6519ms @ webpack-internal:///(app-pages-browser)/./node_modules/next/dist/next-devtools/shared/forward-logs-shared.js:27
[  886620ms] [LOG] [Fast Refresh] rebuilding @ webpack-internal:///(app-pages-browser)/./node_modules/next/dist/next-devtools/shared/forward-logs-shared.js:27
[  889358ms] [LOG] [Fast Refresh] done in 2739ms @ webpack-internal:///(app-pages-browser)/./node_modules/next/dist/next-devtools/shared/forward-logs-shared.js:27
[  889651ms] [LOG] [Fast Refresh] rebuilding @ webpack-internal:///(app-pages-browser)/./node_modules/next/dist/next-devtools/shared/forward-logs-shared.js:27
[  894552ms] [LOG] [Fast Refresh] done in 4900ms @ webpack-internal:///(app-pages-browser)/./node_modules/next/dist/next-devtools/shared/forward-logs-shared.js:27
[  896639ms] [LOG] [Fast Refresh] rebuilding @ webpack-internal:///(app-pages-browser)/./node_modules/next/dist/next-devtools/shared/forward-logs-shared.js:27
[  903269ms] [WARNING] The resource http://localhost:3000/_next/static/css/app/layout.css?v=1784974952414 was preloaded using link preload but not used within a few seconds from the window's load event. Please make sure it has an appropriate `as` value and it is preloaded intentionally. @ http://localhost:3000/shrine/kashi-vishwanath:0
[  903648ms] [WARNING] The resource http://localhost:3000/_next/static/css/app/layout.css?v=1784974961219 was preloaded using link preload but not used within a few seconds from the window's load event. Please make sure it has an appropriate `as` value and it is preloaded intentionally. @ http://localhost:3000/shrine/kashi-vishwanath:0
[  903648ms] [WARNING] The resource http://localhost:3000/_next/static/css/app/layout.css?v=1784974958344 was preloaded using link preload but not used within a few seconds from the window's load event. Please make sure it has an appropriate `as` value and it is preloaded intentionally. @ http://localhost:3000/shrine/kashi-vishwanath:0
[  903648ms] [WARNING] The resource http://localhost:3000/_next/static/css/app/layout.css?v=1784974897121 was preloaded using link preload but not used within a few seconds from the window's load event. Please make sure it has an appropriate `as` value and it is preloaded intentionally. @ http://localhost:3000/shrine/kashi-vishwanath:0
[  903648ms] [WARNING] The resource http://localhost:3000/_next/static/css/app/layout.css?v=1784974951320 was preloaded using link preload but not used within a few seconds from the window's load event. Please make sure it has an appropriate `as` value and it is preloaded intentionally. @ http://localhost:3000/shrine/kashi-vishwanath:0
[  916088ms] [WARNING] The resource http://localhost:3000/_next/static/css/app/layout.css?v=1784974952414 was preloaded using link preload but not used within a few seconds from the window's load event. Please make sure it has an appropriate `as` value and it is preloaded intentionally. @ http://localhost:3000/shrine/kashi-vishwanath:0
[  916088ms] [WARNING] The resource http://localhost:3000/_next/static/css/app/layout.css?v=1784974961219 was preloaded using link preload but not used within a few seconds from the window's load event. Please make sure it has an appropriate `as` value and it is preloaded intentionally. @ http://localhost:3000/shrine/kashi-vishwanath:0
[  916088ms] [WARNING] The resource http://localhost:3000/_next/static/css/app/layout.css?v=1784974958344 was preloaded using link preload but not used within a few seconds from the window's load event. Please make sure it has an appropriate `as` value and it is preloaded intentionally. @ http://localhost:3000/shrine/kashi-vishwanath:0
[  916088ms] [WARNING] The resource http://localhost:3000/_next/static/css/app/layout.css?v=1784974897121 was preloaded using link preload but not used within a few seconds from the window's load event. Please make sure it has an appropriate `as` value and it is preloaded intentionally. @ http://localhost:3000/shrine/kashi-vishwanath:0
[  916104ms] [WARNING] The resource http://localhost:3000/_next/static/css/app/layout.css?v=1784974951320 was preloaded using link preload but not used within a few seconds from the window's load event. Please make sure it has an appropriate `as` value and it is preloaded intentionally. @ http://localhost:3000/shrine/kashi-vishwanath:0
[  917371ms] [LOG] [Fast Refresh] done in 20732ms @ webpack-internal:///(app-pages-browser)/./node_modules/next/dist/next-devtools/shared/forward-logs-shared.js:27
[  920407ms] [WARNING] The resource http://localhost:3000/_next/static/css/app/layout.css?v=1784974952414 was preloaded using link preload but not used within a few seconds from the window's load event. Please make sure it has an appropriate `as` value and it is preloaded intentionally. @ http://localhost:3000/shrine/kashi-vishwanath:0
[  920551ms] [WARNING] The resource http://localhost:3000/_next/static/css/app/layout.css?v=1784974961219 was preloaded using link preload but not used within a few seconds from the window's load event. Please make sure it has an appropriate `as` value and it is preloaded intentionally. @ http://localhost:3000/shrine/kashi-vishwanath:0
[  920552ms] [WARNING] The resource http://localhost:3000/_next/static/css/app/layout.css?v=1784974958344 was preloaded using link preload but not used within a few seconds from the window's load event. Please make sure it has an appropriate `as` value and it is preloaded intentionally. @ http://localhost:3000/shrine/kashi-vishwanath:0
[  920552ms] [WARNING] The resource http://localhost:3000/_next/static/css/app/layout.css?v=1784974897121 was preloaded using link preload but not used within a few seconds from the window's load event. Please make sure it has an appropriate `as` value and it is preloaded intentionally. @ http://localhost:3000/shrine/kashi-vishwanath:0
[  920552ms] [WARNING] The resource http://localhost:3000/_next/static/css/app/layout.css?v=1784974951320 was preloaded using link preload but not used within a few seconds from the window's load event. Please make sure it has an appropriate `as` value and it is preloaded intentionally. @ http://localhost:3000/shrine/kashi-vishwanath:0
[  954754ms] ChunkLoadError: Loading chunk app/layout failed.
(timeout: http://localhost:3000/_next/static/chunks/app/layout.js)
    at __webpack_require__.f.j (http://localhost:3000/_next/static/chunks/webpack.js?v=1784974869556:865:29)
    at http://localhost:3000/_next/static/chunks/webpack.js?v=1784974869556:145:40
    at Array.reduce (<anonymous>)
    at __webpack_require__.e (http://localhost:3000/_next/static/chunks/webpack.js?v=1784974869556:144:67)
    at fn.e (http://localhost:3000/_next/static/chunks/webpack.js?v=1784974869556:381:50)
    at loadChunk (webpack-internal:///(app-pages-browser)/./node_modules/next/dist/compiled/react-server-dom-webpack/cjs/react-server-dom-webpack-client.browser.development.js:125:34)
    at preloadModule (webpack-internal:///(app-pages-browser)/./node_modules/next/dist/compiled/react-server-dom-webpack/cjs/react-server-dom-webpack-client.browser.development.js:94:31)
    at resolveModule (webpack-internal:///(app-pages-browser)/./node_modules/next/dist/compiled/react-server-dom-webpack/cjs/react-server-dom-webpack-client.browser.development.js:2951:20)
    at processFullStringRow (webpack-internal:///(app-pages-browser)/./node_modules/next/dist/compiled/react-server-dom-webpack/cjs/react-server-dom-webpack-client.browser.development.js:4384:11)
    at processFullBinaryRow (webpack-internal:///(app-pages-browser)/./node_modules/next/dist/compiled/react-server-dom-webpack/cjs/react-server-dom-webpack-client.browser.development.js:4379:7)
    at processBinaryChunk (webpack-internal:///(app-pages-browser)/./node_modules/next/dist/compiled/react-server-dom-webpack/cjs/react-server-dom-webpack-client.browser.development.js:4602:19)
    at progress (webpack-internal:///(app-pages-browser)/./node_modules/next/dist/compiled/react-server-dom-webpack/cjs/react-server-dom-webpack-client.browser.development.js:4933:9)
[  955319ms] [LOG] [Fast Refresh] rebuilding @ webpack-internal:///(app-pages-browser)/./node_modules/next/dist/next-devtools/shared/forward-logs-shared.js:27
[  955320ms] [WARNING] The resource http://localhost:3000/_next/static/css/app/layout.css?v=1784974952414 was preloaded using link preload but not used within a few seconds from the window's load event. Please make sure it has an appropriate `as` value and it is preloaded intentionally. @ http://localhost:3000/shrine/kashi-vishwanath:0
[  955321ms] [WARNING] The resource http://localhost:3000/_next/static/css/app/layout.css?v=1784974961219 was preloaded using link preload but not used within a few seconds from the window's load event. Please make sure it has an appropriate `as` value and it is preloaded intentionally. @ http://localhost:3000/shrine/kashi-vishwanath:0
[  955321ms] [WARNING] The resource http://localhost:3000/_next/static/css/app/layout.css?v=1784974958344 was preloaded using link preload but not used within a few seconds from the window's load event. Please make sure it has an appropriate `as` value and it is preloaded intentionally. @ http://localhost:3000/shrine/kashi-vishwanath:0
[  955321ms] [WARNING] The resource http://localhost:3000/_next/static/css/app/layout.css?v=1784975021357 was preloaded using link preload but not used within a few seconds from the window's load event. Please make sure it has an appropriate `as` value and it is preloaded intentionally. @ http://localhost:3000/shrine/kashi-vishwanath:0
[  955321ms] [WARNING] The resource http://localhost:3000/_next/static/css/app/layout.css?v=1784974897121 was preloaded using link preload but not used within a few seconds from the window's load event. Please make sure it has an appropriate `as` value and it is preloaded intentionally. @ http://localhost:3000/shrine/kashi-vishwanath:0
[  955321ms] [WARNING] The resource http://localhost:3000/_next/static/css/app/layout.css?v=1784974951320 was preloaded using link preload but not used within a few seconds from the window's load event. Please make sure it has an appropriate `as` value and it is preloaded intentionally. @ http://localhost:3000/shrine/kashi-vishwanath:0
[  957253ms] [WARNING] [Fast Refresh] performing full reload because your application had an unrecoverable error @ webpack-internal:///(app-pages-browser)/./node_modules/next/dist/next-devtools/shared/forward-logs-shared.js:27
[  962341ms] [WARNING] <link rel=preload> uses an unsupported `as` value @ http://localhost:3000/shrine/kashi-vishwanath:0
[  962341ms] [WARNING] <link rel=preload> uses an unsupported `as` value @ http://localhost:3000/shrine/kashi-vishwanath:0
[  962341ms] [WARNING] <link rel=preload> uses an unsupported `as` value @ http://localhost:3000/shrine/kashi-vishwanath:0
[  962341ms] [WARNING] <link rel=preload> uses an unsupported `as` value @ http://localhost:3000/shrine/kashi-vishwanath:0
[  963546ms] [ERROR] Failed to load resource: the server responded with a status of 404 (Not Found) @ http://localhost:3000/_next/image?url=https%3A%2F%2Fimages.unsplash.com%2Fphoto-1561361513-2d000a45f0d2%3Fq%3D80%26w%3D1200%26auto%3Dformat%26fit%3Dcrop&w=1920&q=75:0
